Location,Test,timestamp,Deployment,RequestPeriod(ns),NumValidRtt(ns),MinRtt(ns),AvgRtt(ns),MaxRtt(ns),StdRtt(ns),Tps,TxBandwidth(bps),RxBandwidth(bps)
10gRemote,basic,20160518_17-19,kvmBridgeBr0,1E+07,1000,2.45407E+05,4.78303E+05,1.532677E+06,4.883E+04,99.99283267374248,102392.6606579123,204785.3213158246
10gRemote,basic,20160518_17-19,kvmBridgeBr0,3E+06,1000,3.35325E+05,4.56088E+05,5.0308E+06,1.60592E+05,333.243729648493,341241.57916005683,682483.1583201137
10gRemote,basic,20160518_17-19,kvmBridgeBr0,1E+06,1000,2.99783E+05,3.61532E+05,4.98719E+05,2.1872E+04,999.3956105075675,1.0233811051597492e+06,2.0467622103194983e+06
10gRemote,basic,20160518_17-19,kvmBridgeBr0,3E+05,1000,1.48504E+05,2.7634E+05,4.45069E+05,5.7919E+04,3326.0420283460203,3.405867037026325e+06,6.81173407405265e+06
10gRemote,basic,20160518_17-19,kvmBridgeBr0,1E+05,1000,1.08498E+05,1.58858E+05,4.01122E+05,3.2077E+04,9734.998542476018,9.968638507495442e+06,1.9937277014990885e+07
10gRemote,basic,20160518_17-19,kvmBridgeBr0,3E+04,1000,9.6236E+04,1.93116E+05,1.748737E+06,1.94444E+05,12055.239421635904,1.2344565167755166e+07,2.4689130335510332e+07
10gRemote,basic,20160518_17-19,kvmBridgeBr0,1E+04,1000,9.0583E+04,1.45027E+05,4.29735E+05,3.7961E+04,15012.723207855042,1.5373028564843563e+07,3.0746057129687127e+07
10gRemote,basic,20160518_17-19,kvmBridgeBr0,3E+03,1000,9.811E+04,1.45538E+05,1.104953E+06,4.459E+04,15477.211493092473,1.5848664568926692e+07,3.1697329137853384e+07
10gRemote,basic,20160518_17-19,kvmBridgeBr0,1E+03,1000,9.5282E+04,1.63379E+05,1.561188E+06,1.48547E+05,15819.978015609351,1.6199657487983976e+07,3.239931497596795e+07
10gRemote,basic,20160518_17-19,kvmBridgeBr0,3E+02,1000,9.6419E+04,1.44183E+05,3.69667E+05,3.1406E+04,16004.214101623525,1.638831524006249e+07,3.277663048012498e+07
10gRemote,basic,20160518_17-19,kvmBridgeBr0,1E+02,1000,9.3074E+04,1.43584E+05,4.34166E+05,3.4545E+04,15719.354442581944,1.609661894920391e+07,3.219323789840782e+07
10gRemote,basic,20160518_17-19,kvmBridgeBr0,3E+01,1000,9.8473E+04,1.4616E+05,4.05875E+05,3.55E+04,16068.354006663354,1.6453994502823275e+07,3.290798900564655e+07
10gRemote,basic,20160518_17-19,kvmBridgeBr0,1E+01,1000,9.6842E+04,1.50964E+05,1.093286E+06,8.6139E+04,15982.804548105221,1.6366391857259747e+07,3.2732783714519493e+07
10gRemote,basic,20160518_17-19,kvmBridgeBr0,3E+00,1000,9.8549E+04,1.47211E+05,4.52959E+05,3.9977E+04,15916.968687168262,1.62989759356603e+07,3.25979518713206e+07
10gRemote,basic,20160518_17-19,kvmBridgeBr0,1E+00,1000,9.9586E+04,1.5425E+05,5.02353E+05,4.6573E+04,15288.120531053048,1.565503542379832e+07,3.131007084759664e+07
10gRemote,basic,20160518_17-19,kvmBridgeBr0,0E+00,1000,1.403242E+06,2.26887E+06,4.101463E+06,8.78851E+05,162717.38025017796,1.6662259737618223e+08,3.3324519475236446e+08
10gRemote,basic,20160518_17-19,kvmNetworkDefault,1E+07,1000,2.27547E+05,4.85079E+05,1.827183E+06,5.4792E+04,99.99252059945617,102392.34109384312,204784.68218768624
10gRemote,basic,20160518_17-19,kvmNetworkDefault,3E+06,1000,3.262E+05,4.34188E+05,7.53046E+05,4.2512E+04,333.2428057035453,341240.6330404304,682481.2660808607
10gRemote,basic,20160518_17-19,kvmNetworkDefault,1E+06,1000,3.10296E+05,4.03451E+05,6.02935E+05,4.0403E+04,999.2166770758232,1.023197877325643e+06,2.046395754651286e+06
10gRemote,basic,20160518_17-19,kvmNetworkDefault,3E+05,1000,1.37887E+05,2.73715E+05,1.5901E+06,9.0293E+04,3326.0190626392227,3.405843520142564e+06,6.811687040285128e+06
10gRemote,basic,20160518_17-19,kvmNetworkDefault,1E+05,1000,1.23499E+05,1.99789E+05,5.5723E+05,5.2008E+04,9101.93500948986,9.320381449717617e+06,1.8640762899435233e+07
10gRemote,basic,20160518_17-19,kvmNetworkDefault,3E+04,1000,9.3944E+04,2.05737E+05,1.932768E+06,2.15271E+05,11273.38319505627,1.1543944391737621e+07,2.3087888783475243e+07
10gRemote,basic,20160518_17-19,kvmNetworkDefault,1E+04,1000,9.7797E+04,1.66414E+05,4.34361E+05,3.8169E+04,13315.852814392712,1.3635433281938137e+07,2.7270866563876275e+07
10gRemote,basic,20160518_17-19,kvmNetworkDefault,3E+03,1000,9.3452E+04,1.70929E+05,5.20981E+05,4.3982E+04,13752.916856136018,1.4082986860683283e+07,2.8165973721366566e+07
10gRemote,basic,20160518_17-19,kvmNetworkDefault,1E+03,1000,9.9121E+04,1.71004E+05,5.08048E+05,4.4348E+04,13813.830863316773,1.4145362804036375e+07,2.829072560807275e+07
10gRemote,basic,20160518_17-19,kvmNetworkDefault,3E+02,1000,9.7547E+04,1.70954E+05,5.68024E+05,4.9678E+04,15575.29485357058,1.5949101930056274e+07,3.1898203860112548e+07
10gRemote,basic,20160518_17-19,kvmNetworkDefault,1E+02,1000,9.5099E+04,1.56578E+05,3.84601E+05,4.4091E+04,15460.919541900375,1.5831981610905984e+07,3.166396322181197e+07
10gRemote,basic,20160518_17-19,kvmNetworkDefault,3E+01,1000,9.3648E+04,1.49677E+05,4.65391E+05,4.1448E+04,15442.87422157297,1.5813503202890722e+07,3.1627006405781444e+07
10gRemote,basic,20160518_17-19,kvmNetworkDefault,1E+01,1000,9.6946E+04,1.49703E+05,5.23011E+05,4.6262E+04,15577.426296692616,1.5951284527813239e+07,3.1902569055626478e+07
10gRemote,basic,20160518_17-19,kvmNetworkDefault,3E+00,1000,9.5587E+04,1.51917E+05,5.58998E+05,4.7494E+04,15765.09503908719,1.6143457320025282e+07,3.2286914640050564e+07
10gRemote,basic,20160518_17-19,kvmNetworkDefault,1E+00,1000,9.8199E+04,1.57901E+05,4.15458E+05,4.5338E+04,15332.890233249445,1.5700879598847432e+07,3.1401759197694864e+07
10gRemote,basic,20160518_17-19,kvmNetworkDefault,0E+00,1000,1.510241E+06,2.189725E+06,3.206168E+06,5.37562E+05,181746.2433505865,1.8610815319100058e+08,3.7221630638200116e+08
10gRemote,basic,20160518_17-19,lxcBridgeBr0,1E+07,1000,1.99298E+05,2.91812E+05,1.591917E+06,5.2474E+04,99.99322843857149,102393.06592109721,204786.13184219442
10gRemote,basic,20160518_17-19,lxcBridgeBr0,3E+06,1000,1.53288E+05,2.86434E+05,4.10129E+05,4.7651E+04,333.2566766328042,341254.8368719915,682509.673743983
10gRemote,basic,20160518_17-19,lxcBridgeBr0,1E+06,1000,1.50193E+05,2.09824E+05,6.06477E+05,3.9653E+04,999.5174949235355,1.0235059148017004e+06,2.0470118296034008e+06
10gRemote,basic,20160518_17-19,lxcBridgeBr0,3E+05,1000,1.26324E+05,1.548E+05,5.42452E+05,1.661E+04,3327.638014319066,3.4075013266627234e+06,6.815002653325447e+06
10gRemote,basic,20160518_17-19,lxcBridgeBr0,1E+05,1000,9.3917E+04,1.43378E+05,8.28919E+05,4.4598E+04,9572.808445269458,9.802555847955925e+06,1.960511169591185e+07
10gRemote,basic,20160518_17-19,lxcBridgeBr0,3E+04,1000,8.287E+04,1.75557E+05,1.688895E+06,1.56599E+05,10940.593452798777,1.1203167695665948e+07,2.2406335391331896e+07
10gRemote,basic,20160518_17-19,lxcBridgeBr0,1E+04,1000,8.7195E+04,1.42801E+05,4.46326E+05,3.9004E+04,13327.69340888785,1.3647558050701158e+07,2.7295116101402316e+07
10gRemote,basic,20160518_17-19,lxcBridgeBr0,3E+03,1000,8.0477E+04,1.2831E+05,4.32255E+05,3.6518E+04,15372.919903659142,1.5741869981346961e+07,3.1483739962693922e+07
10gRemote,basic,20160518_17-19,lxcBridgeBr0,1E+03,1000,8.6454E+04,1.42586E+05,6.27775E+05,4.4994E+04,13907.930584350186,1.424172091837459e+07,2.848344183674918e+07
10gRemote,basic,20160518_17-19,lxcBridgeBr0,3E+02,1000,8.3557E+04,1.45837E+05,1.119577E+06,5.0515E+04,13549.471246789011,1.3874658556711948e+07,2.7749317113423895e+07
10gRemote,basic,20160518_17-19,lxcBridgeBr0,1E+02,1000,8.5896E+04,1.45199E+05,4.09301E+05,4.1383E+04,14023.606666328978,1.4360173226320874e+07,2.8720346452641748e+07
10gRemote,basic,20160518_17-19,lxcBridgeBr0,3E+01,1000,8.2262E+04,1.40297E+05,5.12886E+05,4.3287E+04,14415.3775174745,1.4761346577893889e+07,2.9522693155787777e+07
10gRemote,basic,20160518_17-19,lxcBridgeBr0,1E+01,1000,8.0082E+04,1.30562E+05,5.63792E+05,4.5189E+04,15878.734233687206,1.62598238552957e+07,3.25196477105914e+07
10gRemote,basic,20160518_17-19,lxcBridgeBr0,3E+00,1000,8.0438E+04,1.29113E+05,4.04564E+05,3.4678E+04,15692.250118649104,1.6068864121496683e+07,3.2137728242993366e+07
10gRemote,basic,20160518_17-19,lxcBridgeBr0,1E+00,1000,8.4115E+04,1.44341E+05,1.159147E+06,7.3034E+04,14472.845280623695,1.4820193567358663e+07,2.9640387134717327e+07
10gRemote,basic,20160518_17-19,lxcBridgeBr0,0E+00,1000,1.572236E+06,5.401297E+06,1.0290023E+07,2.970541E+06,80189.96682380693,8.21145260275783e+07,1.642290520551566e+08
10gRemote,basic,20160518_17-19,lxcNetworkDefault,1E+07,1000,2.30701E+05,3.79443E+05,1.342083E+06,4.2637E+04,99.99239260876804,102392.21003137848,204784.42006275695
10gRemote,basic,20160518_17-19,lxcNetworkDefault,3E+06,1000,2.79492E+05,3.80933E+05,1.096E+06,4.2521E+04,333.2513580536874,341249.3906469759,682498.7812939518
10gRemote,basic,20160518_17-19,lxcNetworkDefault,1E+06,1000,2.18517E+05,2.98575E+05,1.505604E+06,4.9603E+04,999.507486688889,1.0234956663694223e+06,2.0469913327388447e+06
10gRemote,basic,20160518_17-19,lxcNetworkDefault,3E+05,1000,1.68416E+05,3.21204E+05,1.300186E+06,5.3967E+04,3312.117224201597,3.391608037582435e+06,6.78321607516487e+06
10gRemote,basic,20160518_17-19,lxcNetworkDefault,1E+05,1000,8.9232E+04,1.4927E+05,3.82499E+05,3.437E+04,9370.290960277913,9.595177943324583e+06,1.9190355886649165e+07
10gRemote,basic,20160518_17-19,lxcNetworkDefault,3E+04,1000,7.5738E+04,1.3411E+05,1.081448E+06,9.4944E+04,12480.121973723302,1.2779644901092662e+07,2.5559289802185323e+07
10gRemote,basic,20160518_17-19,lxcNetworkDefault,1E+04,1000,8.4511E+04,1.20522E+05,3.60096E+05,3.2658E+04,13911.727501422161,1.4245608961456293e+07,2.8491217922912586e+07
10gRemote,basic,20160518_17-19,lxcNetworkDefault,3E+03,1000,8.1985E+04,1.30246E+05,1.168581E+06,8.3644E+04,14622.784936882064,1.4973731775367234e+07,2.9947463550734468e+07
10gRemote,basic,20160518_17-19,lxcNetworkDefault,1E+03,1000,8.5951E+04,1.24097E+05,4.51277E+05,3.2341E+04,14572.172385068838,1.492190452231049e+07,2.984380904462098e+07
10gRemote,basic,20160518_17-19,lxcNetworkDefault,3E+02,1000,8.4859E+04,1.36603E+05,1.09709E+06,5.4059E+04,13895.610504481252,1.4229105156588802e+07,2.8458210313177604e+07
10gRemote,basic,20160518_17-19,lxcNetworkDefault,1E+02,1000,7.7351E+04,1.13032E+05,4.36239E+05,2.8908E+04,15503.72597945719,1.5875815402964162e+07,3.1751630805928323e+07
10gRemote,basic,20160518_17-19,lxcNetworkDefault,3E+01,1000,8.2083E+04,1.11848E+05,3.30476E+05,2.8134E+04,15609.697130978251,1.598432986212173e+07,3.196865972424346e+07
10gRemote,basic,20160518_17-19,lxcNetworkDefault,1E+01,1000,8.6377E+04,1.25731E+05,1.073947E+06,4.7325E+04,14319.704149184396,1.4663377048764821e+07,2.9326754097529642e+07
10gRemote,basic,20160518_17-19,lxcNetworkDefault,3E+00,1000,7.8166E+04,3.21039E+05,4.529712E+06,6.99446E+05,14542.407302987536,1.4891425078259237e+07,2.9782850156518474e+07
10gRemote,basic,20160518_17-19,lxcNetworkDefault,1E+00,1000,7.5604E+04,1.19704E+05,3.84474E+05,2.9857E+04,14645.951549962014,1.4997454387161102e+07,2.9994908774322204e+07
10gRemote,basic,20160518_17-19,lxcNetworkDefault,0E+00,1000,3.118684E+06,5.190504E+06,7.697671E+06,1.329155E+06,69800.64099324637,7.147585637708429e+07,1.4295171275416857e+08
10gRemote,basic,20160518_17-19,physical,1E+07,1000,1.93928E+05,2.58515E+05,1.182466E+06,3.9371E+04,99.99353585787834,102393.38071846742,204786.76143693484
10gRemote,basic,20160518_17-19,physical,3E+06,1000,1.71525E+05,2.57737E+05,1.259106E+06,4.3742E+04,333.26321775168736,341261.53497772786,682523.0699554557
10gRemote,basic,20160518_17-19,physical,1E+06,1000,1.64906E+05,2.23974E+05,8.97232E+05,3.1405E+04,999.4138997149954,1.0233998333081553e+06,2.0467996666163106e+06
10gRemote,basic,20160518_17-19,physical,3E+05,1000,9.9638E+04,1.77252E+05,6.59351E+05,3.2221E+04,3326.260992860168,3.406091256688812e+06,6.812182513377624e+06
10gRemote,basic,20160518_17-19,physical,1E+05,1000,8.308E+04,1.42279E+05,2.70299E+05,3.6135E+04,9436.963663735807,9.663450791665467e+06,1.9326901583330933e+07
10gRemote,basic,20160518_17-19,physical,3E+04,1000,7.6488E+04,1.05809E+05,1.067093E+06,4.3402E+04,13763.602258430958,1.40939287126333e+07,2.81878574252666e+07
10gRemote,basic,20160518_17-19,physical,1E+04,1000,7.995E+04,9.9969E+04,4.67296E+05,3.039E+04,15472.546820352174,1.5843887944040626e+07,3.1687775888081253e+07
10gRemote,basic,20160518_17-19,physical,3E+03,1000,7.5118E+04,9.6118E+04,3.32565E+05,2.5167E+04,16170.846676909605,1.6558946997155435e+07,3.311789399431087e+07
10gRemote,basic,20160518_17-19,physical,1E+03,1000,7.8917E+04,9.4566E+04,3.914E+05,2.2998E+04,16608.748086713742,1.700735804079487e+07,3.401471608158974e+07
10gRemote,basic,20160518_17-19,physical,3E+02,1000,7.7583E+04,9.3738E+04,2.97939E+05,2.1288E+04,16676.066409432784,1.707629200325917e+07,3.415258400651834e+07
10gRemote,basic,20160518_17-19,physical,1E+02,1000,7.4643E+04,9.5632E+04,1.047257E+06,3.8029E+04,16497.18095347008,1.6893113296353363e+07,3.3786226592706725e+07
10gRemote,basic,20160518_17-19,physical,3E+01,1000,7.7978E+04,1.00791E+05,3.24755E+05,2.4263E+04,16304.767142163677,1.6696081553575605e+07,3.339216310715121e+07
10gRemote,basic,20160518_17-19,physical,1E+01,1000,7.1605E+04,1.01468E+05,4.06716E+05,2.8033E+04,15591.64484291145,1.5965844319141325e+07,3.193168863828265e+07
10gRemote,basic,20160518_17-19,physical,3E+00,1000,6.7997E+04,9.5613E+04,3.48397E+05,2.7409E+04,16650.587194612828,1.7050201287283536e+07,3.410040257456707e+07
10gRemote,basic,20160518_17-19,physical,1E+00,1000,7.4488E+04,9.7639E+04,3.83258E+05,2.4986E+04,15631.219515702614,1.6006368784079477e+07,3.2012737568158954e+07
10gRemote,basic,20160518_17-19,physical,0E+00,1000,4.592686E+06,5.828373E+06,7.177475E+06,7.45794E+05,76174.39396223471,7.800257941732834e+07,1.560051588346567e+08
Local,basic,20160513_21-33,kvmBridgeBr0,1E+07,1000,1.70829E+05,4.51508E+05,5.43967E+05,2.4468E+04,99.99529260160642,102395.17962404498,204790.35924808995
Local,basic,20160513_21-33,kvmBridgeBr0,3E+06,1000,1.39962E+05,4.24251E+05,1.016276E+06,4.0138E+04,333.28522072325,341284.066020608,682568.132041216
Local,basic,20160513_21-33,kvmBridgeBr0,1E+06,1000,2.19411E+05,3.26322E+05,5.11838E+05,3.3467E+04,999.5351741635366,1.0235240183434614e+06,2.047048036686923e+06
Local,basic,20160513_21-33,kvmBridgeBr0,3E+05,1000,1.03939E+05,2.76486E+05,4.86534E+05,6.1131E+04,3328.632350246844,3.4085195266527683e+06,6.8170390533055365e+06
Local,basic,20160513_21-33,kvmBridgeBr0,1E+05,1000,6.2821E+04,1.4729E+05,3.75387E+05,4.6594E+04,8289.223130443848,8.4881644855745e+06,1.6976328971149e+07
Local,basic,20160513_21-33,kvmBridgeBr0,3E+04,1000,5.9785E+04,1.47213E+05,1.475177E+06,1.37435E+05,11981.07565138712,1.2268621467020411e+07,2.4537242934040822e+07
Local,basic,20160513_21-33,kvmBridgeBr0,1E+04,1000,5.3399E+04,9.266E+04,3.38235E+05,3.3558E+04,15065.616484725244,1.542719128035865e+07,3.08543825607173e+07
Local,basic,20160513_21-33,kvmBridgeBr0,3E+03,1000,6.1743E+04,1.10012E+05,4.37474E+05,3.8998E+04,15079.66056890432,1.5441572422558025e+07,3.088314484511605e+07
Local,basic,20160513_21-33,kvmBridgeBr0,1E+03,1000,5.2465E+04,9.5262E+04,4.28804E+05,3.6756E+04,16101.360771082575,1.6487793429588556e+07,3.2975586859177113e+07
Local,basic,20160513_21-33,kvmBridgeBr0,3E+02,1000,5.4861E+04,9.3463E+04,4.38115E+05,2.9863E+04,16200.247238453205,1.6589053172176082e+07,3.3178106344352163e+07
Local,basic,20160513_21-33,kvmBridgeBr0,1E+02,1000,5.7279E+04,9.8262E+04,3.48286E+05,2.8767E+04,15317.690509525053,1.5685315081753654e+07,3.137063016350731e+07
Local,basic,20160513_21-33,kvmBridgeBr0,3E+01,1000,5.4049E+04,1.01874E+05,4.51934E+05,3.6906E+04,15271.685732653626,1.5638206190237314e+07,3.1276412380474627e+07
Local,basic,20160513_21-33,kvmBridgeBr0,1E+01,1000,5.8997E+04,1.13114E+05,4.75222E+05,4.0334E+04,15281.342893850824,1.5648095123303244e+07,3.1296190246606488e+07
Local,basic,20160513_21-33,kvmBridgeBr0,3E+00,1000,5.5477E+04,1.05114E+05,4.42962E+05,4.2218E+04,15604.254631100908,1.597875674224733e+07,3.195751348449466e+07
Local,basic,20160513_21-33,kvmBridgeBr0,1E+00,1000,5.8184E+04,9.7946E+04,3.4861E+05,3.213E+04,16215.784876338506,1.660496371337063e+07,3.320992742674126e+07
Local,basic,20160513_21-33,kvmBridgeBr0,0E+00,1000,4.54212E+06,5.083968E+06,5.736192E+06,2.856E+05,88367.63765026917,9.048846095387563e+07,1.8097692190775126e+08
Local,basic,20160513_21-33,kvmNetworkDefault,1E+07,1000,2.53929E+05,4.20848E+05,5.74069E+05,5.6268E+04,99.99316458726062,102393.00053735488,204786.00107470975
Local,basic,20160513_21-33,kvmNetworkDefault,3E+06,1000,2.68601E+05,4.39171E+05,5.35668E+05,4.018E+04,333.2703370189684,341268.82510742365,682537.6502148473
Local,basic,20160513_21-33,kvmNetworkDefault,1E+06,1000,1.60707E+05,3.63616E+05,4.98268E+05,4.7033E+04,999.495215935639,1.0234831011180943e+06,2.0469662022361886e+06
Local,basic,20160513_21-33,kvmNetworkDefault,3E+05,1000,1.40839E+05,2.97715E+05,4.37077E+05,5.7239E+04,3329.034506687721,3.4089313348482265e+06,6.817862669696453e+06
Local,basic,20160513_21-33,kvmNetworkDefault,1E+05,1000,6.1494E+04,1.48216E+05,3.88898E+05,4.8359E+04,9233.099238874081,9.45469362060706e+06,1.890938724121412e+07
Local,basic,20160513_21-33,kvmNetworkDefault,3E+04,1000,6.1129E+04,1.59137E+05,1.876475E+06,1.99864E+05,11427.655648898171,1.1701919384471728e+07,2.3403838768943455e+07
Local,basic,20160513_21-33,kvmNetworkDefault,1E+04,1000,5.3221E+04,1.01812E+05,3.87551E+05,3.1797E+04,14308.72578292876,1.465213520171905e+07,2.93042704034381e+07
Local,basic,20160513_21-33,kvmNetworkDefault,3E+03,1000,6.0554E+04,1.21078E+05,3.66537E+05,3.7702E+04,14397.027992717407,1.4742556664542625e+07,2.948511332908525e+07
Local,basic,20160513_21-33,kvmNetworkDefault,1E+03,1000,5.4159E+04,1.14666E+05,3.86681E+05,3.8118E+04,15201.730151473383,1.5566571675108744e+07,3.1133143350217488e+07
Local,basic,20160513_21-33,kvmNetworkDefault,3E+02,1000,5.6287E+04,1.30679E+05,3.85288E+05,4.379E+04,14831.462747229176,1.5187417853162676e+07,3.0374835706325352e+07
Local,basic,20160513_21-33,kvmNetworkDefault,1E+02,1000,6.0314E+04,1.06063E+05,3.48749E+05,3.0423E+04,14525.863539709202,1.4874484264662223e+07,2.9748968529324446e+07
Local,basic,20160513_21-33,kvmNetworkDefault,3E+01,1000,6.0247E+04,1.08891E+05,3.4224E+05,3.4375E+04,14970.665430209467,1.5329961400534494e+07,3.0659922801068988e+07
Local,basic,20160513_21-33,kvmNetworkDefault,1E+01,1000,5.2148E+04,1.03532E+05,4.03028E+05,3.5871E+04,14688.261838830842,1.5040780122962782e+07,3.0081560245925564e+07
Local,basic,20160513_21-33,kvmNetworkDefault,3E+00,1000,5.5643E+04,9.9903E+04,4.17622E+05,3.1619E+04,15329.583594549438,1.5697493600818625e+07,3.139498720163725e+07
Local,basic,20160513_21-33,kvmNetworkDefault,1E+00,1000,5.4694E+04,8.9696E+04,4.16263E+05,2.6679E+04,15830.640264388157,1.6210575630733473e+07,3.2421151261466946e+07
Local,basic,20160513_21-33,kvmNetworkDefault,0E+00,1000,1.126877E+06,6.096533E+06,6.590383E+06,5.50647E+05,82996.45073978056,8.498836555753529e+07,1.6997673111507058e+08
Local,basic,20160513_21-33,lxcBridgeBr0,1E+07,1000,9.0706E+04,2.57633E+05,3.22873E+05,2.4742E+04,99.99623574170174,102396.14539950258,204792.29079900516
Local,basic,20160513_21-33,lxcBridgeBr0,3E+06,1000,1.65088E+05,3.18336E+05,3.76897E+05,2.0035E+04,333.2837418234958,341282.5516272597,682565.1032545194
Local,basic,20160513_21-33,lxcBridgeBr0,1E+06,1000,1.27821E+05,2.2823E+05,3.09828E+05,2.5997E+04,999.5710550727076,1.0235607603944526e+06,2.0471215207889052e+06
Local,basic,20160513_21-33,lxcBridgeBr0,3E+05,1000,6.7576E+04,1.70494E+05,4.08794E+05,3.0462E+04,3328.656083333358,3.4085438293333584e+06,6.817087658666717e+06
Local,basic,20160513_21-33,lxcBridgeBr0,1E+05,1000,3.3632E+04,1.10578E+05,3.76598E+05,4.3859E+04,8848.138374691125,9.060493695683712e+06,1.8120987391367424e+07
Local,basic,20160513_21-33,lxcBridgeBr0,3E+04,1000,3.7733E+04,9.7237E+04,2.77867E+05,3.3608E+04,11595.871762970362,1.1874172685281651e+07,2.3748345370563302e+07
Local,basic,20160513_21-33,lxcBridgeBr0,1E+04,1000,5.0167E+04,9.6045E+04,2.69129E+05,2.9019E+04,13280.293082256821,1.3599020116230985e+07,2.719804023246197e+07
Local,basic,20160513_21-33,lxcBridgeBr0,3E+03,1000,4.4859E+04,1.15779E+05,1.641347E+06,1.67992E+05,14433.119529279396,1.4779514397982102e+07,2.9559028795964204e+07
Local,basic,20160513_21-33,lxcBridgeBr0,1E+03,1000,4.2277E+04,8.2219E+04,2.87747E+05,2.451E+04,15550.649671154299,1.5923865263262002e+07,3.1847730526524004e+07
Local,basic,20160513_21-33,lxcBridgeBr0,3E+02,1000,4.0503E+04,7.9617E+04,3.42295E+05,3.0801E+04,15488.964058896661,1.5860699196310181e+07,3.1721398392620362e+07
Local,basic,20160513_21-33,lxcBridgeBr0,1E+02,1000,3.5527E+04,7.177E+04,2.74293E+05,2.836E+04,15612.226027875786,1.5986919452544805e+07,3.197383890508961e+07
Local,basic,20160513_21-33,lxcBridgeBr0,3E+01,1000,3.9151E+04,7.9978E+04,3.27554E+05,2.4308E+04,15387.473903805976,1.575677327749732e+07,3.151354655499464e+07
Local,basic,20160513_21-33,lxcBridgeBr0,1E+01,1000,3.5846E+04,7.1107E+04,3.84552E+05,3.1189E+04,15738.23017243466,1.6115947696573092e+07,3.2231895393146183e+07
Local,basic,20160513_21-33,lxcBridgeBr0,3E+00,1000,5.3629E+04,9.5513E+04,3.1962E+05,1.9675E+04,14747.222939387866,1.5101156289933175e+07,3.020231257986635e+07
Local,basic,20160513_21-33,lxcBridgeBr0,1E+00,1000,5.3454E+04,9.4024E+04,2.68849E+05,1.4866E+04,14816.484797279078,1.5172080432413775e+07,3.034416086482755e+07
Local,basic,20160513_21-33,lxcBridgeBr0,0E+00,1000,1.783112E+06,4.840561E+06,8.705815E+06,2.188537E+06,91376.6235570032,9.356966252237128e+07,1.8713932504474255e+08
Local,basic,20160513_21-33,lxcNetworkDefault,1E+07,1000,1.0735E+05,2.66971E+05,3.46523E+05,1.4302E+04,99.9959279558222,102395.83022676193,204791.66045352386
Local,basic,20160513_21-33,lxcNetworkDefault,3E+06,1000,1.56514E+05,2.72617E+05,3.57253E+05,2.4664E+04,333.2844316196299,341283.25797850103,682566.5159570021
Local,basic,20160513_21-33,lxcNetworkDefault,1E+06,1000,1.23907E+05,2.28824E+05,3.20371E+05,3.043E+04,999.650985853403,1.0236426095138846e+06,2.0472852190277693e+06
Local,basic,20160513_21-33,lxcNetworkDefault,3E+05,1000,9.6086E+04,1.59772E+05,3.25941E+05,2.4261E+04,3330.1381989369816,3.410061515711469e+06,6.820123031422938e+06
Local,basic,20160513_21-33,lxcNetworkDefault,1E+05,1000,3.8246E+04,1.00759E+05,2.60873E+05,3.7431E+04,8942.391495413684,9.157008891303612e+06,1.8314017782607224e+07
Local,basic,20160513_21-33,lxcNetworkDefault,3E+04,1000,3.8299E+04,1.01261E+05,1.199614E+06,1.08506E+05,12072.21619040647,1.2361949378976226e+07,2.472389875795245e+07
Local,basic,20160513_21-33,lxcNetworkDefault,1E+04,1000,4.1832E+04,9.0932E+04,3.23596E+05,2.6594E+04,14083.24748420388,1.4421245423824772e+07,2.8842490847649544e+07
Local,basic,20160513_21-33,lxcNetworkDefault,3E+03,1000,4.6585E+04,8.2437E+04,3.41633E+05,2.0883E+04,14787.06967168905,1.5141959343809588e+07,3.0283918687619176e+07
Local,basic,20160513_21-33,lxcNetworkDefault,1E+03,1000,3.448E+04,6.6874E+04,2.80629E+05,2.7143E+04,15414.50648415069,1.5784454639770307e+07,3.1568909279540613e+07
Local,basic,20160513_21-33,lxcNetworkDefault,3E+02,1000,3.483E+04,6.4578E+04,3.15226E+05,3.3501E+04,15565.79501223985,1.5939374092533607e+07,3.1878748185067214e+07
Local,basic,20160513_21-33,lxcNetworkDefault,1E+02,1000,3.3631E+04,5.4921E+04,3.04369E+05,2.4569E+04,16205.645230033624,1.6594580715554431e+07,3.3189161431108862e+07
Local,basic,20160513_21-33,lxcNetworkDefault,3E+01,1000,3.8115E+04,7.6845E+04,4.43119E+05,3.4259E+04,15448.971521798469,1.5819746838321632e+07,3.1639493676643264e+07
Local,basic,20160513_21-33,lxcNetworkDefault,1E+01,1000,3.959E+04,6.2996E+04,3.2527E+05,2.8486E+04,15568.446159782761,1.5942088867617548e+07,3.1884177735235095e+07
Local,basic,20160513_21-33,lxcNetworkDefault,3E+00,1000,3.4851E+04,8.4572E+04,9.7323E+05,5.7631E+04,15262.408807679714,1.5628706619064027e+07,3.1257413238128055e+07
Local,basic,20160513_21-33,lxcNetworkDefault,1E+00,1000,3.7634E+04,7.4709E+04,3.01268E+05,2.8738E+04,15310.971730572033,1.5678435052105762e+07,3.1356870104211524e+07
Local,basic,20160513_21-33,lxcNetworkDefault,0E+00,1000,1.849437E+06,6.222743E+06,1.1157408E+07,2.943915E+06,76153.62073912876,7.798130763686785e+07,1.559626152737357e+08
Local,basic,20160513_21-33,physical,1E+07,1000,7.7412E+04,1.85483E+05,2.92914E+05,4.1406E+04,99.99638425074114,102396.29747275893,204792.59494551786
Local,basic,20160513_21-33,physical,3E+06,1000,1.39026E+05,2.40576E+05,3.12823E+05,1.8545E+04,333.2887046426269,341287.63355404994,682575.2671080999
Local,basic,20160513_21-33,physical,1E+06,1000,7.2748E+04,1.96802E+05,3.04651E+05,3.3139E+04,999.5420548098786,1.0235310641253156e+06,2.0470621282506313e+06
Local,basic,20160513_21-33,physical,3E+05,1000,6.7067E+04,1.37052E+05,2.874E+05,2.5413E+04,3328.9355764114034,3.408830030245277e+06,6.817660060490554e+06
Local,basic,20160513_21-33,physical,1E+05,1000,4.1292E+04,9.7576E+04,2.60566E+05,3.7605E+04,7086.420686044323,7.256494782509387e+06,1.4512989565018773e+07
Local,basic,20160513_21-33,physical,3E+04,1000,2.9612E+04,7.6222E+04,2.21897E+05,3.2461E+04,11365.829839638256,1.1638609755789574e+07,2.327721951157915e+07
Local,basic,20160513_21-33,physical,1E+04,1000,3.3275E+04,6.4862E+04,2.81334E+05,2.9561E+04,14822.074996527557,1.5177804796444219e+07,3.0355609592888437e+07
Local,basic,20160513_21-33,physical,3E+03,1000,3.2651E+04,7.4828E+04,7.37979E+05,4.2179E+04,14999.68448163693,1.5359676909196217e+07,3.0719353818392433e+07
Local,basic,20160513_21-33,physical,1E+03,1000,2.9548E+04,7.45E+04,1.77318E+05,2.4055E+04,15196.717557637046,1.5561438779020336e+07,3.112287755804067e+07
Local,basic,20160513_21-33,physical,3E+02,1000,3.3636E+04,4.3656E+04,1.98206E+05,1.4045E+04,16509.30029144363,1.6905523498438276e+07,3.381104699687655e+07
Local,basic,20160513_21-33,physical,1E+02,1000,3.0902E+04,2.61481E+05,4.374115E+06,7.30831E+05,15917.083455496948,1.6299093458428875e+07,3.259818691685775e+07
Local,basic,20160513_21-33,physical,3E+01,1000,3.7048E+04,4.1382E+04,2.04882E+05,9.218E+03,16203.372284727991,1.6592253219561463e+07,3.3184506439122926e+07
Local,basic,20160513_21-33,physical,1E+01,1000,3.4322E+04,4.9964E+04,1.21912E+05,2.0099E+04,15800.046742858285,1.6179247864686884e+07,3.2358495729373768e+07
Local,basic,20160513_21-33,physical,3E+00,1000,3.3824E+04,4.1295E+04,1.62307E+05,7.928E+03,17072.82956660332,1.74825774762018e+07,3.49651549524036e+07
Local,basic,20160513_21-33,physical,1E+00,1000,3.3116E+04,4.241E+04,1.73306E+05,1.1411E+04,17124.591075467986,1.7535581261279218e+07,3.5071162522558436e+07
Local,basic,20160513_21-33,physical,0E+00,1000,9.99969E+05,4.827805E+06,8.516478E+06,2.150028E+06,103847.55179396647,1.0633989303702167e+08,2.1267978607404333e+08
Remote,basic,20160513_20-22,kvmBridgeBr0,1E+07,1000,2.82463E+05,4.73636E+05,6.31304E+05,3.169E+04,99.99538034342213,102395.26947166426,204790.53894332852
Remote,basic,20160513_20-22,kvmBridgeBr0,3E+06,1000,2.81306E+05,4.44218E+05,5.30198E+05,3.9885E+04,333.24728388592473,341245.2186991869,682490.4373983738
Remote,basic,20160513_20-22,kvmBridgeBr0,1E+06,1000,2.82607E+05,3.78548E+05,5.8685E+05,3.6994E+04,999.4163248756115,1.0234023166726262e+06,2.0468046333452524e+06
Remote,basic,20160513_20-22,kvmBridgeBr0,3E+05,1000,1.52721E+05,3.14471E+05,5.76325E+05,5.732E+04,3323.3210421744693,3.4030807471866566e+06,6.806161494373313e+06
Remote,basic,20160513_20-22,kvmBridgeBr0,1E+05,1000,1.05504E+05,2.13866E+05,4.66215E+05,5.0969E+04,9377.94118611056,9.603011774577213e+06,1.9206023549154427e+07
Remote,basic,20160513_20-22,kvmBridgeBr0,3E+04,1000,8.2513E+04,1.57635E+05,4.21846E+05,5.0645E+04,13409.377735680675,1.3731202801337011e+07,2.7462405602674022e+07
Remote,basic,20160513_20-22,kvmBridgeBr0,1E+04,1000,8.5777E+04,1.58494E+05,4.92098E+05,4.7427E+04,13793.193056467995,1.4124229689823227e+07,2.8248459379646454e+07
Remote,basic,20160513_20-22,kvmBridgeBr0,3E+03,1000,8.5447E+04,1.44732E+05,4.2048E+05,4.4382E+04,15687.808592921858,1.6064315999151982e+07,3.2128631998303965e+07
Remote,basic,20160513_20-22,kvmBridgeBr0,1E+03,1000,8.4621E+04,1.70347E+05,1.280217E+06,1.44893E+05,15804.636985663772,1.6183948273319703e+07,3.2367896546639405e+07
Remote,basic,20160513_20-22,kvmBridgeBr0,3E+02,1000,8.4953E+04,1.38122E+05,3.78748E+05,3.4168E+04,15985.385776673707,1.6369035035313876e+07,3.2738070070627753e+07
Remote,basic,20160513_20-22,kvmBridgeBr0,1E+02,1000,8.5882E+04,1.43918E+05,4.59947E+05,4.2935E+04,15671.63928826059,1.6047758631178845e+07,3.209551726235769e+07
Remote,basic,20160513_20-22,kvmBridgeBr0,3E+01,1000,8.1856E+04,1.39783E+05,4.60815E+05,3.8997E+04,16001.065542956638,1.6385091115987597e+07,3.2770182231975194e+07
Remote,basic,20160513_20-22,kvmBridgeBr0,1E+01,1000,9.2851E+04,1.75206E+05,4.64295E+05,5.0571E+04,13228.909787420813,1.3546403622318912e+07,2.7092807244637825e+07
Remote,basic,20160513_20-22,kvmBridgeBr0,3E+00,1000,8.1078E+04,1.43198E+05,4.51225E+05,4.1507E+04,15853.184043053698,1.6233660460086986e+07,3.2467320920173973e+07
Remote,basic,20160513_20-22,kvmBridgeBr0,1E+00,1000,7.4648E+04,1.42936E+05,6.7357E+05,4.8479E+04,15797.794299321695,1.6176941362505415e+07,3.235388272501083e+07
Remote,basic,20160513_20-22,kvmBridgeBr0,0E+00,1000,1.26349E+06,2.400165E+06,5.641336E+06,1.194265E+06,139355.6723263186,1.4270020846215025e+08,2.854004169243005e+08
Remote,basic,20160513_20-22,kvmNetworkDefault,1E+07,1000,2.36585E+05,4.75689E+05,6.71758E+05,4.3308E+04,99.99205882067338,102391.86823236954,204783.73646473908
Remote,basic,20160513_20-22,kvmNetworkDefault,3E+06,1000,2.85939E+05,4.36419E+05,1.053087E+06,4.1558E+04,333.2581703966681,341256.36648618814,682512.7329723763
Remote,basic,20160513_20-22,kvmNetworkDefault,1E+06,1000,2.93361E+05,3.88912E+05,5.49037E+05,3.9582E+04,999.026062479028,1.0230026879785247e+06,2.0460053759570494e+06
Remote,basic,20160513_20-22,kvmNetworkDefault,3E+05,1000,1.87865E+05,3.41491E+05,6.41856E+05,4.8515E+04,3324.0883345361435,3.403866454565011e+06,6.807732909130022e+06
Remote,basic,20160513_20-22,kvmNetworkDefault,1E+05,1000,9.9612E+04,1.85083E+05,5.12527E+05,4.824E+04,8712.086730077937,8.921176811599808e+06,1.7842353623199616e+07
Remote,basic,20160513_20-22,kvmNetworkDefault,3E+04,1000,9.1095E+04,1.5486E+05,4.43734E+05,4.3147E+04,11821.620587900778,1.2105339482010396e+07,2.4210678964020792e+07
Remote,basic,20160513_20-22,kvmNetworkDefault,1E+04,1000,9.4718E+04,1.81135E+05,5.41967E+05,5.2818E+04,12661.593748484962,1.2965471998448601e+07,2.5930943996897202e+07
Remote,basic,20160513_20-22,kvmNetworkDefault,3E+03,1000,9.388E+04,1.78521E+05,4.9061E+05,5.4744E+04,13051.271345223773,1.3364501857509144e+07,2.6729003715018287e+07
Remote,basic,20160513_20-22,kvmNetworkDefault,1E+03,1000,9.7536E+04,2.09251E+05,1.726346E+06,1.60034E+05,13357.14163687256,1.3677713036157502e+07,2.7355426072315004e+07
Remote,basic,20160513_20-22,kvmNetworkDefault,3E+02,1000,8.7852E+04,1.47086E+05,5.3282E+05,4.4889E+04,15446.458250694783,1.5817173248711457e+07,3.1634346497422915e+07
Remote,basic,20160513_20-22,kvmNetworkDefault,1E+02,1000,8.6525E+04,1.45976E+05,5.4283E+05,4.91E+04,15759.485291428104,1.6137712938422378e+07,3.2275425876844756e+07
Remote,basic,20160513_20-22,kvmNetworkDefault,3E+01,1000,9.0567E+04,1.83499E+05,6.49351E+05,6.6854E+04,13432.641749295324,1.3755025151278412e+07,2.7510050302556824e+07
Remote,basic,20160513_20-22,kvmNetworkDefault,1E+01,1000,8.9475E+04,1.45919E+05,4.67358E+05,4.2884E+04,15330.309766998607,1.5698237201406574e+07,3.1396474402813148e+07
Remote,basic,20160513_20-22,kvmNetworkDefault,3E+00,1000,8.9096E+04,1.73533E+05,1.136394E+06,6.0615E+04,13618.928436562268,1.3945782719039762e+07,2.7891565438079525e+07
Remote,basic,20160513_20-22,kvmNetworkDefault,1E+00,1000,9.2551E+04,1.62343E+05,4.63703E+05,5.2363E+04,14433.077449784329,1.4779471308579152e+07,2.9558942617158305e+07
Remote,basic,20160513_20-22,kvmNetworkDefault,0E+00,1000,1.862047E+06,2.634923E+06,4.058264E+06,6.19313E+05,143280.24943372063,1.4671897542012993e+08,2.9343795084025985e+08
Remote,basic,20160513_20-22,lxcBridgeBr0,1E+07,1000,2.50253E+05,3.963E+05,4.88656E+05,2.0608E+04,99.99251409043038,102392.3344286007,204784.6688572014
Remote,basic,20160513_20-22,lxcBridgeBr0,3E+06,1000,2.63817E+05,3.93893E+05,5.8192E+05,3.4562E+04,333.254426905318,341252.5331510456,682505.0663020912
Remote,basic,20160513_20-22,lxcBridgeBr0,1E+06,1000,1.99412E+05,2.8473E+05,4.57899E+05,2.9331E+04,999.4005165959235,1.0233861289942256e+06,2.0467722579884513e+06
Remote,basic,20160513_20-22,lxcBridgeBr0,3E+05,1000,1.80381E+05,3.00859E+05,4.63428E+05,5.1582E+04,3327.192090897078,3.4070447010786077e+06,6.814089402157215e+06
Remote,basic,20160513_20-22,lxcBridgeBr0,1E+05,1000,7.8534E+04,1.41485E+05,3.60894E+05,3.8505E+04,9530.870446487255,9.75961133720295e+06,1.95192226744059e+07
Remote,basic,20160513_20-22,lxcBridgeBr0,3E+04,1000,7.4459E+04,1.36577E+05,3.78113E+05,4.5081E+04,12873.847354560188,1.3182819691069633e+07,2.6365639382139266e+07
Remote,basic,20160513_20-22,lxcBridgeBr0,1E+04,1000,8.0484E+04,1.0692E+05,3.59531E+05,2.9094E+04,15091.317258907304,1.5453508873121079e+07,3.0907017746242158e+07
Remote,basic,20160513_20-22,lxcBridgeBr0,3E+03,1000,7.1728E+04,1.03003E+05,3.50161E+05,2.6352E+04,16077.993704340004,1.6463865553244164e+07,3.292773110648833e+07
Remote,basic,20160513_20-22,lxcBridgeBr0,1E+03,1000,7.4035E+04,1.10111E+05,7.15903E+05,6.3109E+04,16264.56011553823,1.6654909558311148e+07,3.3309819116622295e+07
Remote,basic,20160513_20-22,lxcBridgeBr0,3E+02,1000,7.3715E+04,1.13371E+05,3.50387E+05,3.8472E+04,15490.555532216451,1.5862328864989646e+07,3.172465772997929e+07
Remote,basic,20160513_20-22,lxcBridgeBr0,1E+02,1000,7.2037E+04,1.00734E+05,3.54809E+05,2.2518E+04,16705.92921995155,1.710687152123039e+07,3.421374304246078e+07
Remote,basic,20160513_20-22,lxcBridgeBr0,3E+01,1000,7.4139E+04,1.05111E+05,4.55358E+05,3.1831E+04,16326.8451539148,1.6718689437608756e+07,3.3437378875217512e+07
Remote,basic,20160513_20-22,lxcBridgeBr0,1E+01,1000,7.3248E+04,1.13657E+05,3.97209E+05,3.5433E+04,15498.37032311297,1.587033121086768e+07,3.174066242173536e+07
Remote,basic,20160513_20-22,lxcBridgeBr0,3E+00,1000,7.2777E+04,1.09061E+05,9.23193E+05,6.5084E+04,16435.724197042964,1.6830181577771995e+07,3.366036315554399e+07
Remote,basic,20160513_20-22,lxcBridgeBr0,1E+00,1000,7.2823E+04,1.05785E+05,3.38437E+05,2.8244E+04,16499.689533591893,1.6895682082398098e+07,3.3791364164796196e+07
Remote,basic,20160513_20-22,lxcBridgeBr0,0E+00,1000,2.606331E+06,3.028172E+06,3.904416E+06,2.36195E+05,132570.69829626766,1.3575239505537808e+08,2.7150479011075616e+08
Remote,basic,20160513_20-22,lxcNetworkDefault,1E+07,1000,1.67913E+05,3.09054E+05,4.27043E+05,3.3687E+04,99.99278163108612,102392.60839023218,204785.21678046437
Remote,basic,20160513_20-22,lxcNetworkDefault,3E+06,1000,2.6194E+05,3.63946E+05,4.69604E+05,3.2859E+04,333.2568479984917,341255.0123504555,682510.024700911
Remote,basic,20160513_20-22,lxcNetworkDefault,1E+06,1000,1.70901E+05,2.25165E+05,3.74816E+05,2.4491E+04,999.4202353220695,1.0234063209697992e+06,2.0468126419395984e+06
Remote,basic,20160513_20-22,lxcNetworkDefault,3E+05,1000,1.60781E+05,3.28482E+05,4.49621E+05,3.4658E+04,3325.4744612373884,3.4052858483070857e+06,6.810571696614171e+06
Remote,basic,20160513_20-22,lxcNetworkDefault,1E+05,1000,7.5979E+04,1.27802E+05,3.55586E+05,3.3802E+04,9853.977552619426,1.0090473013882292e+07,2.0180946027764585e+07
Remote,basic,20160513_20-22,lxcNetworkDefault,3E+04,1000,8.4589E+04,1.36772E+05,4.6571E+05,3.8764E+04,11437.121166805951,1.1711612074809294e+07,2.342322414961859e+07
Remote,basic,20160513_20-22,lxcNetworkDefault,1E+04,1000,7.3787E+04,9.2673E+04,2.94364E+05,1.9974E+04,16158.844544369304,1.6546656813434167e+07,3.3093313626868334e+07
Remote,basic,20160513_20-22,lxcNetworkDefault,3E+03,1000,7.3E+04,9.5907E+04,3.74624E+05,2.5798E+04,16160.919054659282,1.6548781111971105e+07,3.309756222394221e+07
Remote,basic,20160513_20-22,lxcNetworkDefault,1E+03,1000,7.559E+04,1.30311E+05,1.148694E+06,1.08882E+05,16236.710191820333,1.6626391236424021e+07,3.3252782472848043e+07
Remote,basic,20160513_20-22,lxcNetworkDefault,3E+02,1000,7.2481E+04,9.6772E+04,3.40346E+05,2.7108E+04,16750.979371135403,1.7153002876042653e+07,3.4306005752085306e+07
Remote,basic,20160513_20-22,lxcNetworkDefault,1E+02,1000,7.9271E+04,1.17795E+05,3.48835E+05,3.6077E+04,15970.884183763483,1.6354185404173806e+07,3.2708370808347613e+07
Remote,basic,20160513_20-22,lxcNetworkDefault,3E+01,1000,7.6791E+04,1.02906E+05,1.052274E+06,4.396E+04,15724.328865595498,1.610171275836979e+07,3.220342551673958e+07
Remote,basic,20160513_20-22,lxcNetworkDefault,1E+01,1000,7.4642E+04,9.5192E+04,3.83569E+05,2.9781E+04,16497.94819967625,1.689389895646848e+07,3.378779791293696e+07
Remote,basic,20160513_20-22,lxcNetworkDefault,3E+00,1000,7.4453E+04,1.15641E+05,1.057428E+06,4.6445E+04,16190.119406501955,1.6578682272258002e+07,3.3157364544516005e+07
Remote,basic,20160513_20-22,lxcNetworkDefault,1E+00,1000,7.4609E+04,1.12594E+05,5.14327E+05,4.3126E+04,16643.06513599731,1.7042498699261244e+07,3.408499739852249e+07
Remote,basic,20160513_20-22,lxcNetworkDefault,0E+00,1000,9.77355E+05,2.262E+06,2.569592E+06,2.67118E+05,197072.760051302,2.0180250629253325e+08,4.036050125850665e+08
Remote,basic,20160513_20-22,physical,1E+07,1000,1.73102E+05,2.80421E+05,5.41061E+05,3.7487E+04,99.99461595989449,102394.48674293196,204788.9734858639
Remote,basic,20160513_20-22,physical,3E+06,1000,1.72411E+05,2.7806E+05,3.85011E+05,2.5192E+04,333.26426975674264,341262.61223090446,682525.2244618089
Remote,basic,20160513_20-22,physical,1E+06,1000,1.50353E+05,2.05382E+05,3.05851E+05,1.7656E+04,999.3079103198578,1.0232913001675344e+06,2.0465826003350688e+06
Remote,basic,20160513_20-22,physical,3E+05,1000,1.38322E+05,2.24709E+05,2.763117E+06,1.49858E+05,3326.456616100002,3.406291574886402e+06,6.812583149772804e+06
Remote,basic,20160513_20-22,physical,1E+05,1000,6.5791E+04,1.40399E+05,4.68015E+05,4.2843E+04,9405.710968991863,9.631448032247668e+06,1.9262896064495336e+07
Remote,basic,20160513_20-22,physical,3E+04,1000,6.7781E+04,1.06013E+05,3.49903E+05,3.0004E+04,13178.688105615904,1.3494976620150685e+07,2.698995324030137e+07
Remote,basic,20160513_20-22,physical,1E+04,1000,6.0159E+04,9.8049E+04,1.07434E+06,4.8452E+04,15121.260259056828,1.5484170505274191e+07,3.0968341010548383e+07
Remote,basic,20160513_20-22,physical,3E+03,1000,6.7694E+04,1.00404E+05,3.80396E+05,3.4188E+04,15393.777524170422,1.5763228184750512e+07,3.1526456369501024e+07
Remote,basic,20160513_20-22,physical,1E+03,1000,6.7172E+04,9.1261E+04,3.7954E+05,2.8287E+04,16229.705645723832,1.6619218581221204e+07,3.323843716244241e+07
Remote,basic,20160513_20-22,physical,3E+02,1000,7.059E+04,1.1392E+05,4.42014E+05,4.1043E+04,14646.917310183862,1.4998443325628275e+07,2.999688665125655e+07
Remote,basic,20160513_20-22,physical,1E+02,1000,7.0048E+04,9.0986E+04,4.08666E+05,2.9582E+04,16329.291262220739,1.6721194252514036e+07,3.3442388505028073e+07
Remote,basic,20160513_20-22,physical,3E+01,1000,6.4939E+04,1.80642E+05,3.019976E+06,3.88013E+05,15446.206539105202,1.5816915496043727e+07,3.1633830992087454e+07
Remote,basic,20160513_20-22,physical,1E+01,1000,6.9458E+04,1.06839E+05,5.10893E+05,3.5117E+04,15012.611870042845,1.5372914554923873e+07,3.0745829109847747e+07
Remote,basic,20160513_20-22,physical,3E+00,1000,7.1173E+04,8.8651E+04,5.11652E+05,3.0901E+04,16560.822311071035,1.695828204653674e+07,3.391656409307348e+07
Remote,basic,20160513_20-22,physical,1E+00,1000,7.2695E+04,9.6797E+04,3.44705E+05,2.6153E+04,15937.775608965272,1.6320282223580439e+07,3.2640564447160877e+07
Remote,basic,20160513_20-22,physical,0E+00,1000,6.34707E+05,3.550382E+06,7.292827E+06,1.915024E+06,87610.43075770933,8.971308109589435e+07,1.794261621917887e+08
Local,ovs2.5.0,20160517_18-02,kvmBridgeOvsbr0,1E+07,1000,1.64348E+05,4.28185E+05,5.53055E+05,4.5831E+04,99.99563813026738,102395.5334453938,204791.0668907876
Local,ovs2.5.0,20160517_18-02,kvmBridgeOvsbr0,3E+06,1000,1.63767E+05,4.0478E+05,1.60157E+06,7.08E+04,333.27882180486716,341277.513528184,682555.027056368
Local,ovs2.5.0,20160517_18-02,kvmBridgeOvsbr0,1E+06,1000,1.69822E+05,2.68988E+05,5.31876E+05,6.4719E+04,999.5253264220074,1.0235139342561356e+06,2.0470278685122712e+06
Local,ovs2.5.0,20160517_18-02,kvmBridgeOvsbr0,3E+05,1000,1.14449E+05,2.64308E+05,4.83618E+05,6.5471E+04,3327.4876584730555,3.407347362276409e+06,6.814694724552818e+06
Local,ovs2.5.0,20160517_18-02,kvmBridgeOvsbr0,1E+05,1000,5.9949E+04,1.28826E+05,4.49697E+05,3.7996E+04,9225.23726756738,9.446642961988997e+06,1.8893285923977993e+07
Local,ovs2.5.0,20160517_18-02,kvmBridgeOvsbr0,3E+04,1000,5.6648E+04,1.36451E+05,1.609626E+06,1.54951E+05,12251.681690332178,1.254572205090015e+07,2.50914441018003e+07
Local,ovs2.5.0,20160517_18-02,kvmBridgeOvsbr0,1E+04,1000,5.8377E+04,1.027E+05,6.79478E+05,4.1869E+04,14606.969326868932,1.4957536590713786e+07,2.9915073181427572e+07
Local,ovs2.5.0,20160517_18-02,kvmBridgeOvsbr0,3E+03,1000,6.3308E+04,1.12791E+05,3.41293E+05,3.4398E+04,14954.805978141818,1.5313721321617221e+07,3.0627442643234443e+07
Local,ovs2.5.0,20160517_18-02,kvmBridgeOvsbr0,1E+03,1000,6.4565E+04,1.09993E+05,3.97922E+05,3.4053E+04,15534.441487895021,1.5907268083604502e+07,3.1814536167209003e+07
Local,ovs2.5.0,20160517_18-02,kvmBridgeOvsbr0,3E+02,1000,5.1212E+04,8.8241E+04,3.77768E+05,2.729E+04,16326.825428064056,1.6718669238337593e+07,3.3437338476675186e+07
Local,ovs2.5.0,20160517_18-02,kvmBridgeOvsbr0,1E+02,1000,5.7224E+04,1.0547E+05,3.99299E+05,3.4913E+04,14585.314566000694,1.493536211558471e+07,2.987072423116942e+07
Local,ovs2.5.0,20160517_18-02,kvmBridgeOvsbr0,3E+01,1000,5.5661E+04,1.03682E+05,3.61548E+05,3.1672E+04,14717.88262182477,1.5071111804748565e+07,3.014222360949713e+07
Local,ovs2.5.0,20160517_18-02,kvmBridgeOvsbr0,1E+01,1000,6.1099E+04,1.02857E+05,4.02684E+05,3.4537E+04,15458.743866685401,1.5829753719485851e+07,3.1659507438971702e+07
Local,ovs2.5.0,20160517_18-02,kvmBridgeOvsbr0,3E+00,1000,5.5026E+04,9.498E+04,4.93668E+05,3.3665E+04,16495.905996562054,1.6891807740479544e+07,3.378361548095909e+07
Local,ovs2.5.0,20160517_18-02,kvmBridgeOvsbr0,1E+00,1000,5.6574E+04,1.04969E+05,3.31601E+05,3.3529E+04,16254.486746294688,1.664459442820576e+07,3.328918885641152e+07
Local,ovs2.5.0,20160517_18-02,kvmBridgeOvsbr0,0E+00,1000,5.1611E+06,6.14806E+06,7.376053E+06,7.51374E+05,73192.46808515622,7.494908731919996e+07,1.4989817463839993e+08
Local,ovs2.5.0,20160517_18-02,lxcBridgeOvsbr0,1E+07,1000,1.03127E+05,2.55272E+05,3.74182E+05,3.2388E+04,99.99598920087156,102395.89294169248,204791.78588338496
Local,ovs2.5.0,20160517_18-02,lxcBridgeOvsbr0,3E+06,1000,7.9171E+04,2.58623E+05,3.4753E+05,3.3722E+04,333.28356720888866,341282.372821902,682564.745643804
Local,ovs2.5.0,20160517_18-02,lxcBridgeOvsbr0,1E+06,1000,1.24831E+05,2.39349E+05,4.29895E+05,2.9254E+04,999.6078838154157,1.0235984730269857e+06,2.0471969460539713e+06
Local,ovs2.5.0,20160517_18-02,lxcBridgeOvsbr0,3E+05,1000,8.5499E+04,1.34202E+05,2.26909E+05,1.2574E+04,3329.6864055060655,3.409598879238211e+06,6.819197758476422e+06
Local,ovs2.5.0,20160517_18-02,lxcBridgeOvsbr0,1E+05,1000,3.5338E+04,1.1896E+05,3.99779E+05,4.5132E+04,9363.4499211752,9.588172719283406e+06,1.917634543856681e+07
Local,ovs2.5.0,20160517_18-02,lxcBridgeOvsbr0,3E+04,1000,3.334E+04,8.5479E+04,1.218206E+06,1.15426E+05,13141.051194473588,1.3456436423140954e+07,2.691287284628191e+07
Local,ovs2.5.0,20160517_18-02,lxcBridgeOvsbr0,1E+04,1000,4.1934E+04,8.3211E+04,2.76625E+05,2.7156E+04,13589.105299014536,1.3915243826190885e+07,2.783048765238177e+07
Local,ovs2.5.0,20160517_18-02,lxcBridgeOvsbr0,3E+03,1000,4.0371E+04,8.5412E+04,2.82373E+05,2.3877E+04,15319.423225553888,1.5687089382967182e+07,3.1374178765934363e+07
Local,ovs2.5.0,20160517_18-02,lxcBridgeOvsbr0,1E+03,1000,4.0002E+04,7.6976E+04,4.37148E+05,3.2251E+04,15938.583410264891,1.6321109412111249e+07,3.2642218824222498e+07
Local,ovs2.5.0,20160517_18-02,lxcBridgeOvsbr0,3E+02,1000,4.537E+04,8.6542E+04,3.36809E+05,2.2704E+04,14864.959056477048,1.5221718073832497e+07,3.0443436147664994e+07
Local,ovs2.5.0,20160517_18-02,lxcBridgeOvsbr0,1E+02,1000,3.9861E+04,7.5002E+04,2.84769E+05,2.4866E+04,15913.29013702552,1.6295209100314133e+07,3.2590418200628266e+07
Local,ovs2.5.0,20160517_18-02,lxcBridgeOvsbr0,3E+01,1000,4.895E+04,9.1774E+04,5.4063E+05,3.1336E+04,15091.326141078936,1.545351796846483e+07,3.090703593692966e+07
Local,ovs2.5.0,20160517_18-02,lxcBridgeOvsbr0,1E+01,1000,3.5196E+04,7.08E+04,5.82036E+05,5.2724E+04,15548.556493783097,1.5921721849633891e+07,3.1843443699267782e+07
Local,ovs2.5.0,20160517_18-02,lxcBridgeOvsbr0,3E+00,1000,4.3554E+04,8.1521E+04,2.47568E+05,1.9544E+04,15220.047103306177,1.5585328233785525e+07,3.117065646757105e+07
Local,ovs2.5.0,20160517_18-02,lxcBridgeOvsbr0,1E+00,1000,3.7373E+04,8.4102E+04,3.90302E+05,2.8343E+04,15519.910322233382,1.5892388169966983e+07,3.1784776339933965e+07
Local,ovs2.5.0,20160517_18-02,lxcBridgeOvsbr0,0E+00,1000,1.202596E+06,6.290795E+06,1.2470706E+07,3.253631E+06,58377.869323357874,5.977893818711846e+07,1.1955787637423693e+08
Remote,ovs2.5.0,20160517_17-47,kvmBridgeOvsbr0,1E+07,1000,3.08273E+05,4.68433E+05,5.86126E+05,3.4785E+04,99.99361202808791,102393.45871676202,204786.91743352404
Remote,ovs2.5.0,20160517_17-47,kvmBridgeOvsbr0,3E+06,1000,2.44585E+05,4.1655E+05,7.7106E+05,4.0921E+04,333.26994139124145,341268.41998463124,682536.8399692625
Remote,ovs2.5.0,20160517_17-47,kvmBridgeOvsbr0,1E+06,1000,1.99939E+05,3.91611E+05,5.96278E+05,4.9765E+04,999.3670728504858,1.0233518825988974e+06,2.046703765197795e+06
Remote,ovs2.5.0,20160517_17-47,kvmBridgeOvsbr0,3E+05,1000,1.86794E+05,3.39437E+05,6.43126E+05,5.4293E+04,3316.1602327902033,3.395748078377168e+06,6.791496156754336e+06
Remote,ovs2.5.0,20160517_17-47,kvmBridgeOvsbr0,1E+05,1000,1.02141E+05,2.02356E+05,1.087577E+06,6.2862E+04,9211.3041013396,9.43237539977175e+06,1.88647507995435e+07
Remote,ovs2.5.0,20160517_17-47,kvmBridgeOvsbr0,3E+04,1000,7.6895E+04,1.36081E+05,4.40019E+05,4.2453E+04,13918.164975683852,1.4252200935100265e+07,2.850440187020053e+07
Remote,ovs2.5.0,20160517_17-47,kvmBridgeOvsbr0,1E+04,1000,8.6403E+04,1.65925E+05,1.509746E+06,8.0421E+04,12839.667629282227,1.3147819652385e+07,2.629563930477e+07
Remote,ovs2.5.0,20160517_17-47,kvmBridgeOvsbr0,3E+03,1000,7.6172E+04,1.36946E+05,4.67499E+05,4.2164E+04,15331.605767995396,1.5699564306427285e+07,3.139912861285457e+07
Remote,ovs2.5.0,20160517_17-47,kvmBridgeOvsbr0,1E+03,1000,7.4918E+04,1.59063E+05,1.245543E+06,1.32581E+05,15404.258183685459,1.577396038009391e+07,3.154792076018782e+07
Remote,ovs2.5.0,20160517_17-47,kvmBridgeOvsbr0,3E+02,1000,7.6145E+04,1.33659E+05,3.61431E+05,3.6916E+04,15814.26087347065,1.6193803134433946e+07,3.238760626886789e+07
Remote,ovs2.5.0,20160517_17-47,kvmBridgeOvsbr0,1E+02,1000,7.503E+04,1.34645E+05,1.040135E+06,5.1748E+04,15845.06342057937,1.6225344942673275e+07,3.245068988534655e+07
Remote,ovs2.5.0,20160517_17-47,kvmBridgeOvsbr0,3E+01,1000,7.3916E+04,1.45132E+05,4.19739E+05,4.5101E+04,14719.847808549537,1.5073124155954726e+07,3.0146248311909452e+07
Remote,ovs2.5.0,20160517_17-47,kvmBridgeOvsbr0,1E+01,1000,7.7175E+04,1.3578E+05,5.47645E+05,4.9821E+04,15703.890949919882,1.6080784332717959e+07,3.2161568665435918e+07
Remote,ovs2.5.0,20160517_17-47,kvmBridgeOvsbr0,3E+00,1000,8.0482E+04,1.51357E+05,4.34871E+05,4.6248E+04,14149.078854641688,1.4488656747153088e+07,2.8977313494306177e+07
Remote,ovs2.5.0,20160517_17-47,kvmBridgeOvsbr0,1E+00,1000,8.0289E+04,1.54916E+05,1.195241E+06,5.5782E+04,13734.02101590883,1.4063637520290641e+07,2.8127275040581282e+07
Remote,ovs2.5.0,20160517_17-47,kvmBridgeOvsbr0,0E+00,1000,2.185136E+06,5.076723E+06,8.445857E+06,2.121599E+06,87943.36095780873,9.005400162079614e+07,1.801080032415923e+08
Remote,ovs2.5.0,20160517_17-47,lxcBridgeOvsbr0,1E+07,1000,1.9647E+05,3.71342E+05,3.785734E+06,1.11928E+05,99.99449679286955,102394.36471589842,204788.72943179685
Remote,ovs2.5.0,20160517_17-47,lxcBridgeOvsbr0,3E+06,1000,1.76471E+05,3.40653E+05,5.28473E+05,3.7204E+04,333.26176281476205,341260.04512231634,682520.0902446327
Remote,ovs2.5.0,20160517_17-47,lxcBridgeOvsbr0,1E+06,1000,2.03437E+05,2.9658E+05,4.82457E+05,3.4346E+04,999.3476728085312,1.023332016955936e+06,2.046664033911872e+06
Remote,ovs2.5.0,20160517_17-47,lxcBridgeOvsbr0,3E+05,1000,1.16709E+05,4.53079E+05,9.101961E+06,9.26491E+05,3312.860375229209,3.39236902423471e+06,6.78473804846942e+06
Remote,ovs2.5.0,20160517_17-47,lxcBridgeOvsbr0,1E+05,1000,6.7648E+04,1.31309E+05,5.18978E+05,3.9102E+04,9636.348027231896,9.867620379885461e+06,1.9735240759770922e+07
Remote,ovs2.5.0,20160517_17-47,lxcBridgeOvsbr0,3E+04,1000,6.3479E+04,9.7406E+04,2.55844E+05,2.3953E+04,14391.48284413637,1.4736878432395643e+07,2.9473756864791285e+07
Remote,ovs2.5.0,20160517_17-47,lxcBridgeOvsbr0,1E+04,1000,7.3577E+04,1.11339E+05,3.93017E+05,2.757E+04,13569.371464406975,1.3895036379552742e+07,2.7790072759105485e+07
Remote,ovs2.5.0,20160517_17-47,lxcBridgeOvsbr0,3E+03,1000,6.8036E+04,9.0145E+04,3.44764E+05,2.3699E+04,16070.220693465699,1.6455905990108876e+07,3.291181198021775e+07
Remote,ovs2.5.0,20160517_17-47,lxcBridgeOvsbr0,1E+03,1000,7.2181E+04,1.19192E+05,1.079838E+06,8.9885E+04,15051.354091307985,1.5412586589499377e+07,3.0825173178998753e+07
Remote,ovs2.5.0,20160517_17-47,lxcBridgeOvsbr0,3E+02,1000,6.8791E+04,9.6048E+04,4.16253E+05,2.925E+04,15378.80196087722,1.5747893207938273e+07,3.1495786415876545e+07
Remote,ovs2.5.0,20160517_17-47,lxcBridgeOvsbr0,1E+02,1000,6.9257E+04,1.00808E+05,3.30904E+05,2.4994E+04,15373.944448035114,1.5742919114787957e+07,3.1485838229575913e+07
Remote,ovs2.5.0,20160517_17-47,lxcBridgeOvsbr0,3E+01,1000,7.0646E+04,1.08444E+05,9.41982E+05,5.5114E+04,15291.459811444065,1.5658454846918723e+07,3.1316909693837445e+07
Remote,ovs2.5.0,20160517_17-47,lxcBridgeOvsbr0,1E+01,1000,7.2462E+04,1.03664E+05,3.46713E+05,2.7634E+04,14569.755414019124,1.4919429543955583e+07,2.9838859087911166e+07
Remote,ovs2.5.0,20160517_17-47,lxcBridgeOvsbr0,3E+00,1000,6.9824E+04,9.8383E+04,4.51439E+05,3.6454E+04,15685.266223984536,1.6061712613360165e+07,3.212342522672033e+07
Remote,ovs2.5.0,20160517_17-47,lxcBridgeOvsbr0,1E+00,1000,8.0001E+04,1.13516E+05,4.86918E+05,3.1045E+04,14215.44470253848,1.4556615375399403e+07,2.9113230750798807e+07
Remote,ovs2.5.0,20160517_17-47,lxcBridgeOvsbr0,0E+00,1000,8.78247E+05,5.685905E+06,1.0438392E+07,2.794055E+06,85654.63093475242,8.771034207718648e+07,1.7542068415437296e+08
10gRemote,ovs2.5.0,20160518_19-15,kvmBridgeOvsbr0,1E+07,1000,3.03111E+05,4.65551E+05,9.84822E+05,3.6439E+04,99.99385701738554,102393.70958580279,204787.41917160558
10gRemote,ovs2.5.0,20160518_19-15,kvmBridgeOvsbr0,3E+06,1000,3.02902E+05,4.18959E+05,1.791639E+06,5.8947E+04,333.2707794078508,341269.2781136392,682538.5562272784
10gRemote,ovs2.5.0,20160518_19-15,kvmBridgeOvsbr0,1E+06,1000,2.48701E+05,3.9232E+05,5.018E+05,3.1385E+04,999.4789466381438,1.0234664413574593e+06,2.0469328827149186e+06
10gRemote,ovs2.5.0,20160518_19-15,kvmBridgeOvsbr0,3E+05,1000,1.50746E+05,3.19174E+05,1.535432E+06,7.5233E+04,3320.5749648604306,3.400268764017081e+06,6.800537528034162e+06
10gRemote,ovs2.5.0,20160518_19-15,kvmBridgeOvsbr0,1E+05,1000,1.10646E+05,1.97581E+05,4.28755E+05,5.213E+04,8880.385741933273,9.093514999739671e+06,1.8187029999479342e+07
10gRemote,ovs2.5.0,20160518_19-15,kvmBridgeOvsbr0,3E+04,1000,1.026E+05,1.97269E+05,1.838254E+06,1.73409E+05,10921.095456643,1.1183201747602431e+07,2.2366403495204862e+07
10gRemote,ovs2.5.0,20160518_19-15,kvmBridgeOvsbr0,1E+04,1000,9.9594E+04,1.63576E+05,5.11965E+05,4.4065E+04,12945.327184147578,1.325601503656712e+07,2.651203007313424e+07
10gRemote,ovs2.5.0,20160518_19-15,kvmBridgeOvsbr0,3E+03,1000,1.00974E+05,1.68022E+05,1.297446E+06,7.7048E+04,13375.62509813529,1.3696640100490537e+07,2.7393280200981073e+07
10gRemote,ovs2.5.0,20160518_19-15,kvmBridgeOvsbr0,1E+03,1000,1.02484E+05,1.72248E+05,4.55778E+05,3.9098E+04,13658.106161809525,1.3985900709692953e+07,2.7971801419385906e+07
10gRemote,ovs2.5.0,20160518_19-15,kvmBridgeOvsbr0,3E+02,1000,1.00934E+05,1.65179E+05,4.81795E+05,4.4437E+04,13725.678749226112,1.4055095039207539e+07,2.8110190078415077e+07
10gRemote,ovs2.5.0,20160518_19-15,kvmBridgeOvsbr0,1E+02,1000,1.08294E+05,1.81302E+05,5.3454E+05,4.9378E+04,13509.747032553667,1.3833980961334955e+07,2.766796192266991e+07
10gRemote,ovs2.5.0,20160518_19-15,kvmBridgeOvsbr0,3E+01,1000,1.0566E+05,1.87405E+05,5.01075E+05,4.6526E+04,13841.080068198324,1.4173265989835083e+07,2.8346531979670167e+07
10gRemote,ovs2.5.0,20160518_19-15,kvmBridgeOvsbr0,1E+01,1000,9.4878E+04,1.59912E+05,4.45898E+05,4.199E+04,15498.674902042561,1.5870643099691583e+07,3.1741286199383166e+07
10gRemote,ovs2.5.0,20160518_19-15,kvmBridgeOvsbr0,3E+00,1000,1.0113E+05,1.74368E+05,4.44923E+05,3.7451E+04,14559.22047371161,1.4908641765080689e+07,2.9817283530161377e+07
10gRemote,ovs2.5.0,20160518_19-15,kvmBridgeOvsbr0,1E+00,1000,9.109E+04,1.59837E+05,4.70507E+05,4.227E+04,15745.828319927203,1.6123728199605456e+07,3.224745639921091e+07
10gRemote,ovs2.5.0,20160518_19-15,kvmBridgeOvsbr0,0E+00,1000,1.495421E+06,2.898539E+06,5.365711E+06,1.288901E+06,128118.28700213073,1.3119312589018187e+08,2.6238625178036374e+08
10gRemote,ovs2.5.0,20160518_19-15,lxcBridgeOvsbr0,1E+07,1000,2.33479E+05,3.6464E+05,1.311256E+06,4.1419E+04,99.99481348901291,102394.68901274922,204789.37802549844
10gRemote,ovs2.5.0,20160518_19-15,lxcBridgeOvsbr0,3E+06,1000,2.50555E+05,3.49925E+05,5.9945E+05,2.9066E+04,333.2629627480837,341261.2738540377,682522.5477080754
10gRemote,ovs2.5.0,20160518_19-15,lxcBridgeOvsbr0,1E+06,1000,2.24562E+05,2.87375E+05,8.15273E+05,3.5923E+04,999.4119430144943,1.0233978296468422e+06,2.0467956592936844e+06
10gRemote,ovs2.5.0,20160518_19-15,lxcBridgeOvsbr0,3E+05,1000,1.91306E+05,3.01219E+05,8.45893E+05,5.2973E+04,3326.6604184665352,3.406500268509732e+06,6.813000537019464e+06
10gRemote,ovs2.5.0,20160518_19-15,lxcBridgeOvsbr0,1E+05,1000,1.02922E+05,1.61459E+05,3.98297E+05,4.0459E+04,8970.343756490045,9.185632006645806e+06,1.8371264013291612e+07
10gRemote,ovs2.5.0,20160518_19-15,lxcBridgeOvsbr0,3E+04,1000,9.0011E+04,1.57974E+05,1.160587E+06,8.5752E+04,10985.550178543754,1.1249203382828804e+07,2.2498406765657607e+07
10gRemote,ovs2.5.0,20160518_19-15,lxcBridgeOvsbr0,1E+04,1000,8.2206E+04,1.15431E+05,3.62896E+05,2.4696E+04,15139.890926775402,1.5503248309018012e+07,3.1006496618036024e+07
10gRemote,ovs2.5.0,20160518_19-15,lxcBridgeOvsbr0,3E+03,1000,9.2116E+04,1.58852E+05,1.769984E+06,1.64285E+05,13906.917275620443,1.4240683290235333e+07,2.8481366580470666e+07
10gRemote,ovs2.5.0,20160518_19-15,lxcBridgeOvsbr0,1E+03,1000,8.7702E+04,1.35411E+05,5.37066E+05,3.7741E+04,14467.400656736078,1.4814618272497743e+07,2.9629236544995487e+07
10gRemote,ovs2.5.0,20160518_19-15,lxcBridgeOvsbr0,3E+02,1000,7.5988E+04,1.25151E+05,4.68104E+05,3.9197E+04,15055.299923254104,1.5416627121412203e+07,3.0833254242824405e+07
10gRemote,ovs2.5.0,20160518_19-15,lxcBridgeOvsbr0,1E+02,1000,8.2082E+04,1.36854E+05,4.34219E+05,3.6598E+04,14210.891303834072,1.455195269512609e+07,2.910390539025218e+07
10gRemote,ovs2.5.0,20160518_19-15,lxcBridgeOvsbr0,3E+01,1000,8.6433E+04,1.30852E+05,6.194E+05,4.0567E+04,14682.898219103934,1.5035287776362428e+07,3.0070575552724857e+07
10gRemote,ovs2.5.0,20160518_19-15,lxcBridgeOvsbr0,1E+01,1000,9.1066E+04,1.29344E+05,3.62712E+05,2.7125E+04,14662.744773446298,1.501465064800901e+07,3.002930129601802e+07
10gRemote,ovs2.5.0,20160518_19-15,lxcBridgeOvsbr0,3E+00,1000,8.8236E+04,1.39642E+05,6.58639E+05,4.5083E+04,13833.051392690866,1.4165044626115447e+07,2.8330089252230894e+07
10gRemote,ovs2.5.0,20160518_19-15,lxcBridgeOvsbr0,1E+00,1000,8.8001E+04,1.24326E+05,5.47835E+05,4.0043E+04,15202.201363889817,1.5567054196623173e+07,3.1134108393246345e+07
10gRemote,ovs2.5.0,20160518_19-15,lxcBridgeOvsbr0,0E+00,1000,1.448764E+06,2.720996E+06,4.928462E+06,1.111075E+06,135714.47086759954,1.3897161816842192e+08,2.7794323633684385e+08
Local,ovs,20160513_22-03,kvmBridgeOvsbr0,1E+07,1000,1.86511E+05,4.12323E+05,5.2024E+05,5.4787E+04,99.9947915312956,102394.6665280467,204789.3330560934
Local,ovs,20160513_22-03,kvmBridgeOvsbr0,3E+06,1000,2.34238E+05,4.19126E+05,1.027702E+06,5.0059E+04,333.27630942351465,341274.940849679,682549.881699358
Local,ovs,20160513_22-03,kvmBridgeOvsbr0,1E+06,1000,1.38642E+05,3.49256E+05,4.86649E+05,4.4781E+04,999.4790874912651,1.0234665855910555e+06,2.046933171182111e+06
Local,ovs,20160513_22-03,kvmBridgeOvsbr0,3E+05,1000,1.29293E+05,2.74355E+05,4.47097E+05,5.5692E+04,3328.6307325978055,3.408517870180153e+06,6.817035740360306e+06
Local,ovs,20160513_22-03,kvmBridgeOvsbr0,1E+05,1000,5.5364E+04,1.34351E+05,4.062E+05,4.5737E+04,8939.927211470242,9.154485464545527e+06,1.8308970929091055e+07
Local,ovs,20160513_22-03,kvmBridgeOvsbr0,3E+04,1000,5.3224E+04,1.26137E+05,4.75907E+05,4.3643E+04,10844.178523980643,1.1104438808556179e+07,2.2208877617112357e+07
Local,ovs,20160513_22-03,kvmBridgeOvsbr0,1E+04,1000,5.6206E+04,1.22824E+05,1.382489E+06,1.20753E+05,14277.907329956372,1.4620577105875324e+07,2.924115421175065e+07
Local,ovs,20160513_22-03,kvmBridgeOvsbr0,3E+03,1000,5.3062E+04,1.136E+05,4.52895E+05,4.8772E+04,15573.545249831202,1.5947310335827151e+07,3.1894620671654303e+07
Local,ovs,20160513_22-03,kvmBridgeOvsbr0,1E+03,1000,5.499E+04,1.03898E+05,4.25914E+05,4.3391E+04,15417.331673996761,1.5787347634172684e+07,3.1574695268345367e+07
Local,ovs,20160513_22-03,kvmBridgeOvsbr0,3E+02,1000,5.8494E+04,1.13382E+05,3.15109E+05,3.3583E+04,15653.107845514533,1.6028782433806881e+07,3.2057564867613763e+07
Local,ovs,20160513_22-03,kvmBridgeOvsbr0,1E+02,1000,5.9105E+04,1.06541E+05,4.31803E+05,4.1036E+04,15712.155572462883,1.6089247306201993e+07,3.2178494612403985e+07
Local,ovs,20160513_22-03,kvmBridgeOvsbr0,3E+01,1000,5.5131E+04,1.17517E+05,5.23542E+05,4.2366E+04,16014.101377108627,1.6398439810159234e+07,3.279687962031847e+07
Local,ovs,20160513_22-03,kvmBridgeOvsbr0,1E+01,1000,5.4061E+04,1.01612E+05,3.30126E+05,3.2416E+04,15072.78156351621,1.5434528321040599e+07,3.0869056642081197e+07
Local,ovs,20160513_22-03,kvmBridgeOvsbr0,3E+00,1000,5.9971E+04,1.06504E+05,3.34295E+05,3.5743E+04,15386.334156497083,1.5755606176253013e+07,3.1511212352506027e+07
Local,ovs,20160513_22-03,kvmBridgeOvsbr0,1E+00,1000,5.4603E+04,1.03581E+05,3.43159E+05,3.5376E+04,15044.393598405919,1.5405459044767661e+07,3.0810918089535322e+07
Local,ovs,20160513_22-03,kvmBridgeOvsbr0,0E+00,1000,6.024086E+06,6.730782E+06,7.334134E+06,4.43388E+05,73153.11964770628,7.490879451925123e+07,1.4981758903850245e+08
Local,ovs,20160513_22-03,lxcBridgeOvsbr0,1E+07,1000,8.623E+04,2.71954E+05,6.234865E+06,2.20955E+05,99.99546913529664,102395.36039454376,204790.72078908753
Local,ovs,20160513_22-03,lxcBridgeOvsbr0,3E+06,1000,1.14787E+05,2.91236E+05,7.868747E+06,3.75468E+05,333.2855867290834,341284.4408105814,682568.8816211628
Local,ovs,20160513_22-03,lxcBridgeOvsbr0,1E+06,1000,8.0541E+04,2.67828E+05,8.395904E+06,6.29369E+05,999.6050300628915,1.0235955507844009e+06,2.0471911015688018e+06
Local,ovs,20160513_22-03,lxcBridgeOvsbr0,3E+05,1000,9.1476E+04,1.59305E+05,4.03422E+05,2.7366E+04,3329.420986222773,3.4093270898921196e+06,6.818654179784239e+06
Local,ovs,20160513_22-03,lxcBridgeOvsbr0,1E+05,1000,3.4816E+04,8.737E+04,2.25977E+05,3.2974E+04,8860.698870788105,9.07335564368702e+06,1.814671128737404e+07
Local,ovs,20160513_22-03,lxcBridgeOvsbr0,3E+04,1000,3.3208E+04,6.7086E+04,1.90152E+05,2.5241E+04,11857.68618479362,1.2142270653228667e+07,2.4284541306457333e+07
Local,ovs,20160513_22-03,lxcBridgeOvsbr0,1E+04,1000,4.0762E+04,8.3577E+04,3.99778E+05,3.2571E+04,13586.970920974618,1.3913058223078009e+07,2.7826116446156017e+07
Local,ovs,20160513_22-03,lxcBridgeOvsbr0,3E+03,1000,3.3972E+04,5.8067E+04,5.36036E+05,3.8004E+04,15649.098633827429,1.6024677001039287e+07,3.2049354002078574e+07
Local,ovs,20160513_22-03,lxcBridgeOvsbr0,1E+03,1000,3.8973E+04,1.09536E+05,1.319234E+06,1.12153E+05,15215.705602632781,1.5580882537095968e+07,3.1161765074191935e+07
Local,ovs,20160513_22-03,lxcBridgeOvsbr0,3E+02,1000,3.4698E+04,8.2361E+04,6.9864E+05,3.9E+04,15493.96679652212,1.586582199963865e+07,3.17316439992773e+07
Local,ovs,20160513_22-03,lxcBridgeOvsbr0,1E+02,1000,4.7029E+04,8.563E+04,4.2943E+05,2.864E+04,14987.45362788176,1.5347152514950922e+07,3.0694305029901844e+07
Local,ovs,20160513_22-03,lxcBridgeOvsbr0,3E+01,1000,3.8993E+04,8.2361E+04,2.87429E+05,2.7835E+04,15146.819637427549,1.551034330872581e+07,3.102068661745162e+07
Local,ovs,20160513_22-03,lxcBridgeOvsbr0,1E+01,1000,4.2156E+04,7.8823E+04,3.45576E+05,2.5893E+04,15202.823991448839,1.556769176724361e+07,3.113538353448722e+07
Local,ovs,20160513_22-03,lxcBridgeOvsbr0,3E+00,1000,3.5116E+04,6.0108E+04,2.30307E+05,2.3006E+04,15805.182538320534,1.6184506919240227e+07,3.2369013838480454e+07
Local,ovs,20160513_22-03,lxcBridgeOvsbr0,1E+00,1000,3.9499E+04,8.9699E+04,3.00501E+05,2.3366E+04,14914.091848136364,1.5272030052491637e+07,3.0544060104983274e+07
Local,ovs,20160513_22-03,lxcBridgeOvsbr0,0E+00,1000,1.752412E+06,5.042846E+06,8.974616E+06,2.194224E+06,92199.21780027603,9.441199902748266e+07,1.8882399805496532e+08
Remote,ovs,20160513_22-12,kvmBridgeOvsbr0,1E+07,1000,2.2837E+05,4.52816E+05,5.65424E+05,3.8493E+04,99.99246663755825,102392.28583685965,204784.5716737193
Remote,ovs,20160513_22-12,kvmBridgeOvsbr0,3E+06,1000,2.55885E+05,4.50532E+05,2.243649E+06,6.8501E+04,333.2440791275629,341241.9370266244,682483.8740532488
Remote,ovs,20160513_22-12,kvmBridgeOvsbr0,1E+06,1000,2.55553E+05,3.76772E+05,5.69995E+05,5.454E+04,999.3717289726336,1.0233566504679768e+06,2.0467133009359536e+06
Remote,ovs,20160513_22-12,kvmBridgeOvsbr0,3E+05,1000,1.60879E+05,3.17123E+05,6.5187E+05,4.3222E+04,3326.452046131756,3.4062868952389183e+06,6.8125737904778365e+06
Remote,ovs,20160513_22-12,kvmBridgeOvsbr0,1E+05,1000,1.06215E+05,1.97112E+05,4.53424E+05,5.2463E+04,9640.83307749776,9.872213071357707e+06,1.9744426142715413e+07
Remote,ovs,20160513_22-12,kvmBridgeOvsbr0,3E+04,1000,8.9902E+04,2.32959E+05,1.752311E+06,1.82941E+05,10678.65614921551,1.0934943896796683e+07,2.1869887793593366e+07
Remote,ovs,20160513_22-12,kvmBridgeOvsbr0,1E+04,1000,7.5563E+04,1.57211E+05,5.62064E+05,6.4744E+04,14780.733727446817,1.513547133690554e+07,3.027094267381108e+07
Remote,ovs,20160513_22-12,kvmBridgeOvsbr0,3E+03,1000,7.564E+04,1.37185E+05,4.9477E+05,4.3403E+04,15800.40373823648,1.6179613427954156e+07,3.2359226855908312e+07
Remote,ovs,20160513_22-12,kvmBridgeOvsbr0,1E+03,1000,8.2343E+04,1.77884E+05,1.215543E+06,1.09393E+05,13579.731587914137,1.3905645146024076e+07,2.7811290292048153e+07
Remote,ovs,20160513_22-12,kvmBridgeOvsbr0,3E+02,1000,7.6622E+04,1.34681E+05,4.25077E+05,4.4063E+04,16035.74482979925,1.6420602705714433e+07,3.2841205411428865e+07
Remote,ovs,20160513_22-12,kvmBridgeOvsbr0,1E+02,1000,8.3528E+04,1.40189E+05,4.15553E+05,3.9445E+04,14665.18495503955,1.5017149393960498e+07,3.0034298787920997e+07
Remote,ovs,20160513_22-12,kvmBridgeOvsbr0,3E+01,1000,8.2211E+04,1.47237E+05,4.55464E+05,4.4991E+04,14556.523219845292,1.490587977712158e+07,2.981175955424316e+07
Remote,ovs,20160513_22-12,kvmBridgeOvsbr0,1E+01,1000,7.4093E+04,1.33924E+05,4.61856E+05,4.1472E+04,16306.253087690937,1.669760316179552e+07,3.339520632359104e+07
Remote,ovs,20160513_22-12,kvmBridgeOvsbr0,3E+00,1000,8.6925E+04,1.50014E+05,5.18122E+05,4.7052E+04,14277.304137731213,1.4619959437036762e+07,2.9239918874073524e+07
Remote,ovs,20160513_22-12,kvmBridgeOvsbr0,1E+00,1000,7.5752E+04,1.34916E+05,4.04116E+05,4.0023E+04,15973.074252624647,1.6356428034687638e+07,3.2712856069375277e+07
Remote,ovs,20160513_22-12,kvmBridgeOvsbr0,0E+00,1000,4.738541E+06,6.412675E+06,9.581559E+06,1.518613E+06,67295.99639293458,6.891110030636501e+07,1.3782220061273003e+08
Remote,ovs,20160513_22-12,lxcBridgeOvsbr0,1E+07,1000,1.8912E+05,3.73505E+05,6.228089E+06,2.35769E+05,99.9934801451128,102393.3236685955,204786.647337191
Remote,ovs,20160513_22-12,lxcBridgeOvsbr0,3E+06,1000,1.50223E+05,3.15616E+05,5.688801E+06,1.92316E+05,333.2710483071152,341269.553466486,682539.106932972
Remote,ovs,20160513_22-12,lxcBridgeOvsbr0,1E+06,1000,1.32755E+05,2.70344E+05,7.342372E+06,3.82106E+05,999.3317628394974,1.0233157251476453e+06,2.0466314502952907e+06
Remote,ovs,20160513_22-12,lxcBridgeOvsbr0,3E+05,1000,1.61968E+05,2.91563E+05,5.47789E+05,4.7479E+04,3323.748926611903,3.4035189008505885e+06,6.807037801701177e+06
Remote,ovs,20160513_22-12,lxcBridgeOvsbr0,1E+05,1000,8.1384E+04,1.61057E+05,4.65395E+05,4.5289E+04,8646.859375071066,8.854384000072772e+06,1.7708768000145543e+07
Remote,ovs,20160513_22-12,lxcBridgeOvsbr0,3E+04,1000,6.7777E+04,1.42386E+05,1.327579E+06,1.35707E+05,13322.83351941779,1.3642581523883818e+07,2.7285163047767635e+07
Remote,ovs,20160513_22-12,lxcBridgeOvsbr0,1E+04,1000,7.9538E+04,1.26426E+05,4.93971E+05,3.9642E+04,12839.413919272827,1.3147559853335375e+07,2.629511970667075e+07
Remote,ovs,20160513_22-12,lxcBridgeOvsbr0,3E+03,1000,6.9809E+04,9.7628E+04,4.29411E+05,3.1177E+04,15736.77165007998,1.61144541696819e+07,3.22289083393638e+07
Remote,ovs,20160513_22-12,lxcBridgeOvsbr0,1E+03,1000,6.8799E+04,1.20572E+05,4.49305E+05,4.0372E+04,13627.92157256512,1.3954991690306682e+07,2.7909983380613364e+07
Remote,ovs,20160513_22-12,lxcBridgeOvsbr0,3E+02,1000,7.1496E+04,1.0796E+05,6.70979E+05,4.3306E+04,14628.911902702988,1.498000578836786e+07,2.996001157673572e+07
Remote,ovs,20160513_22-12,lxcBridgeOvsbr0,1E+02,1000,6.9881E+04,9.5617E+04,3.0534E+05,2.6606E+04,16115.17658518989,1.6501940823234448e+07,3.3003881646468896e+07
Remote,ovs,20160513_22-12,lxcBridgeOvsbr0,3E+01,1000,7.4589E+04,1.09714E+05,3.8759E+05,3.365E+04,14397.850089988002,1.4743398492147714e+07,2.9486796984295428e+07
Remote,ovs,20160513_22-12,lxcBridgeOvsbr0,1E+01,1000,7.1314E+04,1.106E+05,4.12795E+05,3.5348E+04,14664.481717548679,1.5016429278769847e+07,3.0032858557539694e+07
Remote,ovs,20160513_22-12,lxcBridgeOvsbr0,3E+00,1000,7.1064E+04,9.6328E+04,3.84352E+05,3.04E+04,15615.94641106902,1.5990729124934677e+07,3.1981458249869354e+07
Remote,ovs,20160513_22-12,lxcBridgeOvsbr0,1E+00,1000,7.1375E+04,1.08149E+05,1.224043E+06,7.9626E+04,14898.6811463969,1.5256249493910426e+07,3.0512498987820853e+07
Remote,ovs,20160513_22-12,lxcBridgeOvsbr0,0E+00,1000,2.5521E+05,5.021066E+06,1.0629748E+07,2.988645E+06,81541.30682827719,8.349829819215584e+07,1.6699659638431168e+08
Local,rtl8139,20160513_22-49,kvmRtl8139NetworkDefault,1E+07,1000,3.60721E+05,4.53066E+05,1.050365E+06,3.2823E+04,99.99112390792004,102390.91088171012,204781.82176342024
Local,rtl8139,20160513_22-49,kvmRtl8139NetworkDefault,3E+06,1000,3.11378E+05,4.57721E+05,8.68759E+05,4.2111E+04,333.25512635330125,341253.2493857805,682506.498771561
Local,rtl8139,20160513_22-49,kvmRtl8139NetworkDefault,1E+06,1000,2.44433E+05,3.82934E+05,4.90103E+05,3.0004E+04,999.5063028572604,1.0234944541258346e+06,2.0469889082516693e+06
Local,rtl8139,20160513_22-49,kvmRtl8139NetworkDefault,3E+05,1000,1.67825E+05,2.73077E+05,6.69883E+05,5.8239E+04,3324.7605822449736,3.404554836218853e+06,6.809109672437706e+06
Local,rtl8139,20160513_22-49,kvmRtl8139NetworkDefault,1E+05,1000,2.07951E+06,4.9113533E+07,6.6237191E+07,1.8309117E+07,5703.041109601928,5.839914096232374e+06,1.1679828192464748e+07
Local,rtl8139,20160513_22-49,kvmRtl8139NetworkDefault,3E+04,1000,1.7075326E+07,5.4710731E+07,7.3195562E+07,1.478069E+07,6967.066072540353,7.134275658281322e+06,1.4268551316562643e+07
Local,rtl8139,20160513_22-49,kvmRtl8139NetworkDefault,1E+04,1000,2.1052577E+07,7.2997295E+07,9.4091529E+07,1.6954263E+07,6091.7314486263485,6.237933003393381e+06,1.2475866006786762e+07
Local,rtl8139,20160513_22-49,kvmRtl8139NetworkDefault,3E+03,1000,1.0605213E+07,6.8687209E+07,9.3998789E+07,1.9125889E+07,6280.066524995902,6.430788121595804e+06,1.2861576243191607e+07
Local,rtl8139,20160513_22-49,kvmRtl8139NetworkDefault,1E+03,1000,2.2222851E+07,9.8083313E+07,1.3638721E+08,2.5625471E+07,4897.552698793476,5.01509396356452e+06,1.003018792712904e+07
Local,rtl8139,20160513_22-49,kvmRtl8139NetworkDefault,3E+02,1000,1.2301516E+07,8.3550112E+07,1.16608341E+08,2.3296371E+07,5594.292206317967,5.728555219269598e+06,1.1457110438539196e+07
Local,rtl8139,20160513_22-49,kvmRtl8139NetworkDefault,1E+02,1000,1.5369449E+07,7.1488788E+07,9.5717674E+07,1.8323266E+07,6340.091792990195,6.49225399602196e+06,1.298450799204392e+07
Local,rtl8139,20160513_22-49,kvmRtl8139NetworkDefault,3E+01,1000,1.2701085E+07,7.2501313E+07,9.7496589E+07,1.7715151E+07,6291.153699886942,6.442141388684229e+06,1.2884282777368458e+07
Local,rtl8139,20160513_22-49,kvmRtl8139NetworkDefault,1E+01,1000,1.827137E+07,5.5417707E+07,7.7476951E+07,1.521574E+07,6885.607691785657,7.050862276388513e+06,1.4101724552777026e+07
Local,rtl8139,20160513_22-49,kvmRtl8139NetworkDefault,3E+00,1000,1.7254687E+07,6.0330257E+07,8.6614355E+07,1.7726879E+07,6739.574984474209,6.90132478410159e+06,1.380264956820318e+07
Local,rtl8139,20160513_22-49,kvmRtl8139NetworkDefault,1E+00,1000,1.4335274E+07,7.5521932E+07,1.04126394E+08,2.0252193E+07,5999.793463109826,6.143788506224462e+06,1.2287577012448924e+07
Local,rtl8139,20160513_22-49,kvmRtl8139NetworkDefault,0E+00,1000,2.39729E+06,6.4633972E+07,1.24361006E+08,3.462367E+07,7908.321798914185,8.098121522088125e+06,1.619624304417625e+07
