Location,Test,timestamp,Deployment,RequestSize(byte),NumValidRtt,MinRtt(ns),AvgRtt(ns),MaxRtt(ns),StdRtt(ns),Tps,TxBandwidth(bps),RxBandwidth(bps)
10gRemote,basic,20160518_17-19,kvmBridgeBr0,16,1000,2.12528E+05,3.78629E+05,1.782121E+06,5.8777E+04,999.3132669264019,127912.09816657944,2.046593570665271e+06
10gRemote,basic,20160518_17-19,kvmBridgeBr0,32,1000,2.38997E+05,3.7131E+05,6.0379E+05,3.0575E+04,999.4800484902144,255866.89241349488,2.046935139307959e+06
10gRemote,basic,20160518_17-19,kvmBridgeBr0,64,1000,2.53677E+05,3.768E+05,8.90031E+05,3.3236E+04,999.4126042365734,511699.2533691256,2.0467970134765024e+06
10gRemote,basic,20160518_17-19,kvmBridgeBr0,128,1000,2.38656E+05,3.72705E+05,1.500851E+06,5.2108E+04,999.3491908284093,1.0233335714082911e+06,2.0466671428165822e+06
10gRemote,basic,20160518_17-19,kvmBridgeBr0,256,1000,2.43582E+05,3.65471E+05,6.07983E+05,2.7871E+04,999.3400727915113,2.046648469077015e+06,2.046648469077015e+06
10gRemote,basic,20160518_17-19,kvmBridgeBr0,512,1000,1.94577E+05,3.64254E+05,1.018172E+06,3.4945E+04,999.4408668048295,4.0937097904325817e+06,2.0468548952162908e+06
10gRemote,basic,20160518_17-19,kvmBridgeBr0,1024,1000,2.99795E+05,3.64881E+05,5.4633E+05,2.8243E+04,999.495722424174,8.187868958098833e+06,2.0469672395247084e+06
10gRemote,basic,20160518_17-19,kvmBridgeBr0,2048,1000,2.59147E+05,3.76865E+05,1.410595E+06,5.4868E+04,999.3259646301167,1.6372956604499832e+07,2.046619575562479e+06
10gRemote,basic,20160518_17-19,kvmBridgeBr0,4096,1000,2.586E+05,3.7621E+05,1.360942E+06,5.6332E+04,999.4562797924923,3.2750183376240388e+07,2.0468864610150242e+06
10gRemote,basic,20160518_17-19,kvmBridgeBr0,8192,1000,3.57604E+05,4.47196E+05,1.421944E+06,5.5881E+04,999.1668477215279,6.548139853227805e+07,2.0462937041336892e+06
10gRemote,basic,20160518_17-19,kvmBridgeBr0,16384,1000,2.88932E+05,4.03119E+05,2.2932E+06,1.09247E+05,999.366960992229,1.3098902631117344e+08,2.046703536112085e+06
10gRemote,basic,20160518_17-19,kvmBridgeBr0,32768,1000,4.03017E+05,5.15073E+05,3.119712E+06,1.42456E+05,999.464401019995,2.6200359594098556e+08,2.0469030932889497e+06
10gRemote,basic,20160518_17-19,kvmBridgeBr0,65536,1000,6.67368E+05,7.81204E+05,1.647187E+06,1.17645E+05,999.4817037702844,5.240162635063149e+08,2.0469385293215425e+06
10gRemote,basic,20160518_17-19,kvmBridgeBr0,131072,1000,1.109068E+06,1.459034E+06,4.798186E+06,5.03665E+05,999.2071810606018,1.0477446690878016e+09,2.0463763068121125e+06
10gRemote,basic,20160518_17-19,kvmBridgeBr0,262144,1000,3.017644E+06,1.5203161E+07,3.2599502E+07,2.483912E+06,887.3006349491401,1.860804301184859e+09,1.817191700375839e+06
10gRemote,basic,20160518_17-19,kvmNetworkDefault,16,1000,2.41462E+05,3.484E+05,9.02854E+05,4.6758E+04,999.3177607681348,127912.67337832125,2.04660277405314e+06
10gRemote,basic,20160518_17-19,kvmNetworkDefault,32,1000,2.12097E+05,3.60169E+05,4.96584E+05,2.8951E+04,999.4257909055189,255853.00247181283,2.0468240197745026e+06
10gRemote,basic,20160518_17-19,kvmNetworkDefault,64,1000,3.0563E+05,4.00101E+05,1.7421E+06,5.8222E+04,999.4391157676703,511712.8272730472,2.0468513090921887e+06
10gRemote,basic,20160518_17-19,kvmNetworkDefault,128,1000,2.49982E+05,3.60839E+05,3.877967E+06,1.90997E+05,999.3035204218892,1.0232868049120145e+06,2.046573609824029e+06
10gRemote,basic,20160518_17-19,kvmNetworkDefault,256,1000,3.22044E+05,4.00574E+05,6.87026E+05,4.1081E+04,999.3440785153782,2.0466566727994946e+06,2.0466566727994946e+06
10gRemote,basic,20160518_17-19,kvmNetworkDefault,512,1000,2.97229E+05,3.81815E+05,1.147455E+06,4.1885E+04,999.3193985338376,4.0932122563945986e+06,2.0466061281972993e+06
10gRemote,basic,20160518_17-19,kvmNetworkDefault,1024,1000,3.00975E+05,4.02659E+05,1.747653E+06,5.7755E+04,999.2577133986942,8.185919188162103e+06,2.0464797970405258e+06
10gRemote,basic,20160518_17-19,kvmNetworkDefault,2048,1000,2.9537E+05,4.33385E+05,4.899723E+06,2.07765E+05,999.2846431018273,1.6372279592580339e+07,2.0465349490725424e+06
10gRemote,basic,20160518_17-19,kvmNetworkDefault,4096,1000,3.26229E+05,4.4246E+05,1.458544E+06,5.6745E+04,999.2089262930539,3.274207809677079e+07,2.0463798810481743e+06
10gRemote,basic,20160518_17-19,kvmNetworkDefault,8192,1000,2.77639E+05,4.64626E+05,1.521024E+06,5.9951E+04,999.2714052373849,6.548825081363726e+07,2.0465078379261643e+06
10gRemote,basic,20160518_17-19,kvmNetworkDefault,16384,1000,2.68225E+05,4.86151E+05,1.594871E+06,8.9004E+04,999.3796760406643,1.3099069289800195e+08,2.0467295765312805e+06
10gRemote,basic,20160518_17-19,kvmNetworkDefault,32768,1000,3.17923E+05,5.35076E+05,1.696249E+06,1.26505E+05,999.3197370726616,2.619656731551758e+08,2.046606821524811e+06
10gRemote,basic,20160518_17-19,kvmNetworkDefault,65536,1000,4.33875E+05,6.10799E+05,1.802014E+06,1.61205E+05,999.3146000952325,5.239286530547293e+08,2.0465963009950363e+06
10gRemote,basic,20160518_17-19,kvmNetworkDefault,131072,1000,6.87982E+05,9.33372E+05,2.988699E+06,2.26691E+05,999.4663149717945,1.0480163906878644e+09,2.0469070130622352e+06
10gRemote,basic,20160518_17-19,kvmNetworkDefault,262144,1000,2.478324E+06,2.5979752E+07,5.6676823E+07,1.5322145E+07,848.6727265214822,1.7797957057699795e+09,1.7380817439159956e+06
10gRemote,basic,20160518_17-19,lxcBridgeBr0,16,1000,1.27322E+05,1.91094E+05,1.067447E+06,4.1939E+04,999.5839771470473,127946.74907482206,2.047147985197153e+06
10gRemote,basic,20160518_17-19,lxcBridgeBr0,32,1000,1.45494E+05,2.05274E+05,4.51329E+05,2.8711E+04,999.2826000321978,255816.34560824264,2.0465307648659411e+06
10gRemote,basic,20160518_17-19,lxcBridgeBr0,64,1000,1.5138E+05,1.82002E+05,1.573395E+06,5.28E+04,999.489485757912,511738.61670805095,2.0469544668322038e+06
10gRemote,basic,20160518_17-19,lxcBridgeBr0,128,1000,1.63386E+05,2.25465E+05,1.479074E+06,5.2733E+04,999.4197548798724,1.0234058289969893e+06,2.0468116579939786e+06
10gRemote,basic,20160518_17-19,lxcBridgeBr0,256,1000,1.41535E+05,2.02574E+05,5.40545E+05,3.3817E+04,999.3735956283809,2.0467171238469242e+06,2.0467171238469242e+06
10gRemote,basic,20160518_17-19,lxcBridgeBr0,512,1000,1.48078E+05,2.015E+05,1.383759E+06,5.2681E+04,999.3625136480815,4.093388855902542e+06,2.046694427951271e+06
10gRemote,basic,20160518_17-19,lxcBridgeBr0,1024,1000,1.56834E+05,2.24605E+05,4.1695E+05,3.0862E+04,999.306557196604,8.18631931655458e+06,2.046579829138645e+06
10gRemote,basic,20160518_17-19,lxcBridgeBr0,2048,1000,1.62573E+05,2.65969E+05,1.670047E+06,6.7317E+04,999.4689891223621,1.6375299917780781e+07,2.0469124897225976e+06
10gRemote,basic,20160518_17-19,lxcBridgeBr0,4096,1000,1.76338E+05,2.30542E+05,1.055955E+06,4.9932E+04,999.511675577245,3.2751998585315164e+07,2.0469999115821978e+06
10gRemote,basic,20160518_17-19,lxcBridgeBr0,8192,1000,1.99246E+05,2.52832E+05,1.143766E+06,4.8666E+04,999.4443958675602,6.549958792757642e+07,2.0468621227367632e+06
10gRemote,basic,20160518_17-19,lxcBridgeBr0,16384,1000,2.69E+05,3.26033E+05,1.780471E+06,8.5118E+04,999.5203561686039,1.3100913212373126e+08,2.0470176894333009e+06
10gRemote,basic,20160518_17-19,lxcBridgeBr0,32768,1000,4.11024E+05,4.69601E+05,1.396725E+06,8.6076E+04,999.336395663142,2.619700401047187e+08,2.0466409383181147e+06
10gRemote,basic,20160518_17-19,lxcBridgeBr0,65536,1000,6.49884E+05,7.65929E+05,1.988024E+06,1.28667E+05,999.3797429575715,5.239628066757392e+08,2.0467297135771064e+06
10gRemote,basic,20160518_17-19,lxcBridgeBr0,131072,1000,1.135097E+06,1.57178E+06,7.764972E+06,8.27859E+05,999.2902890473642,1.047831814128129e+09,2.046546511969002e+06
10gRemote,basic,20160518_17-19,lxcBridgeBr0,262144,1000,3.321574E+06,1.5716858E+07,2.1543815E+07,2.085638E+06,877.731633270498,1.8407366501764915e+09,1.79759438493798e+06
10gRemote,basic,20160518_17-19,lxcNetworkDefault,16,1000,1.95128E+05,3.01577E+05,1.658171E+06,5.7427E+04,998.4083394221099,127796.26744603006,2.044740279136481e+06
10gRemote,basic,20160518_17-19,lxcNetworkDefault,32,1000,2.24958E+05,3.2859E+05,1.699729E+06,6.1389E+04,999.4379340957473,255856.11112851131,2.0468488890280905e+06
10gRemote,basic,20160518_17-19,lxcNetworkDefault,64,1000,2.39726E+05,3.22103E+05,1.077202E+06,4.1965E+04,999.3401516872832,511662.157663889,2.046648630655556e+06
10gRemote,basic,20160518_17-19,lxcNetworkDefault,128,1000,2.46778E+05,3.1709E+05,1.298313E+06,4.7907E+04,999.2284237895456,1.0232099059604947e+06,2.0464198119209893e+06
10gRemote,basic,20160518_17-19,lxcNetworkDefault,256,1000,2.43069E+05,3.21515E+05,1.599272E+06,5.5817E+04,999.321312928967,2.0466100488785245e+06,2.0466100488785245e+06
10gRemote,basic,20160518_17-19,lxcNetworkDefault,512,1000,2.36516E+05,3.26487E+05,8.44985E+05,4.0601E+04,999.3619833251577,4.093386683699846e+06,2.046693341849923e+06
10gRemote,basic,20160518_17-19,lxcNetworkDefault,1024,1000,2.56392E+05,3.18045E+05,8.68641E+05,3.9737E+04,999.4204780404444,8.187252556107321e+06,2.0468131390268302e+06
10gRemote,basic,20160518_17-19,lxcNetworkDefault,2048,1000,2.45902E+05,3.05909E+05,1.118914E+06,4.9309E+04,999.4414281768549,1.637484835924959e+07,2.0468560449061987e+06
10gRemote,basic,20160518_17-19,lxcNetworkDefault,4096,1000,2.17318E+05,3.20856E+05,1.738276E+06,6.6563E+04,999.4843180650629,3.275110213435598e+07,2.0469438833972488e+06
10gRemote,basic,20160518_17-19,lxcNetworkDefault,8192,1000,2.51712E+05,3.6194E+05,1.199246E+06,4.6454E+04,999.5192042757249,6.5504490571413904e+07,2.0470153303566845e+06
10gRemote,basic,20160518_17-19,lxcNetworkDefault,16384,1000,2.51019E+05,3.97785E+05,1.314563E+06,7.4455E+04,999.4028607882905,1.3099373176924281e+08,2.0467770588944189e+06
10gRemote,basic,20160518_17-19,lxcNetworkDefault,32768,1000,3.42194E+05,4.34109E+05,1.351593E+06,9.4786E+04,999.4826677711617,2.620083844602034e+08,2.0469405035953391e+06
10gRemote,basic,20160518_17-19,lxcNetworkDefault,65536,1000,4.48101E+05,5.59802E+05,1.528317E+06,1.09734E+05,999.4658344852935,5.2400794343062556e+08,2.046906029025881e+06
10gRemote,basic,20160518_17-19,lxcNetworkDefault,131072,1000,6.69132E+05,8.78522E+05,1.786588E+06,1.21266E+05,999.4285747135505,1.0479768171588359e+09,2.0468297210133513e+06
10gRemote,basic,20160518_17-19,lxcNetworkDefault,262144,1000,2.54334E+06,7.224743E+06,1.4232335E+07,2.472451E+06,994.4655466387068,2.0855454100644572e+09,2.0366654395160715e+06
10gRemote,basic,20160518_17-19,physical,16,1000,1.5029E+05,2.05306E+05,5.82294E+05,2.9658E+04,999.4687673581176,127932.00222183905,2.0469120355494248e+06
10gRemote,basic,20160518_17-19,physical,32,1000,1.86209E+05,2.44986E+05,1.493813E+06,4.8888E+04,999.4150793324246,255850.2603091007,2.0468020824728056e+06
10gRemote,basic,20160518_17-19,physical,64,1000,1.47611E+05,2.11449E+05,5.38192E+05,4.1866E+04,999.44236213349,511714.48941234685,2.0468579576493874e+06
10gRemote,basic,20160518_17-19,physical,128,1000,1.4476E+05,2.23563E+05,8.2126E+05,3.4044E+04,999.312620815147,1.0232961237147106e+06,2.0465922474294212e+06
10gRemote,basic,20160518_17-19,physical,256,1000,1.62672E+05,2.37742E+05,6.0164E+05,3.0128E+04,999.3696655720943,2.046709075091649e+06,2.046709075091649e+06
10gRemote,basic,20160518_17-19,physical,512,1000,1.59806E+05,2.1131E+05,3.50018E+05,2.1168E+04,999.3682593485354,4.093412390291601e+06,2.0467061951458005e+06
10gRemote,basic,20160518_17-19,physical,1024,1000,1.69406E+05,2.55493E+05,1.165068E+06,4.1513E+04,999.2917000444252,8.186197606763931e+06,2.0465494016909827e+06
10gRemote,basic,20160518_17-19,physical,2048,1000,1.8038E+05,2.52201E+05,5.789445E+06,2.80612E+05,999.3116371697869,1.6372721863389788e+07,2.0465902329237235e+06
10gRemote,basic,20160518_17-19,physical,4096,1000,1.89417E+05,2.58876E+05,5.32914E+06,2.47091E+05,999.4221640873895,3.274906547281558e+07,2.0468165920509738e+06
10gRemote,basic,20160518_17-19,physical,8192,1000,2.21429E+05,2.93464E+05,5.288336E+06,2.60367E+05,999.4011468399997,6.549675355930622e+07,2.0467735487283194e+06
10gRemote,basic,20160518_17-19,physical,16384,1000,1.97286E+05,3.34276E+05,5.386602E+06,4.87187E+05,999.3352581756257,1.309848709595956e+08,2.0466386087436813e+06
10gRemote,basic,20160518_17-19,physical,32768,1000,2.45417E+05,4.67667E+05,5.606773E+06,6.79127E+05,999.4831462759148,2.620085098973534e+08,2.0469414835730735e+06
10gRemote,basic,20160518_17-19,physical,65536,1000,3.32141E+05,6.9668E+05,5.963623E+06,9.76445E+05,998.5223446963798,5.235132830561756e+08,2.044973761938186e+06
10gRemote,basic,20160518_17-19,physical,131072,1000,4.23408E+05,1.191401E+06,6.526052E+06,1.456905E+06,997.3498240951177,1.0457970891503621e+09,2.042572439746801e+06
10gRemote,basic,20160518_17-19,physical,262144,1000,5.92855E+05,3.264017E+06,9.655605E+06,2.110287E+06,993.4151891422088,2.0833426507399614e+09,2.0345143073632435e+06
Local,basic,20160513_21-33,kvmBridgeBr0,16,1000,1.6577E+05,3.5168E+05,4.90931E+05,3.8029E+04,999.4996055199945,127935.9495065593,2.0469751921049487e+06
Local,basic,20160513_21-33,kvmBridgeBr0,32,1000,2.19626E+05,3.47203E+05,4.57914E+05,4.0943E+04,999.3864376898312,255842.92804859678,2.0467434243887742e+06
Local,basic,20160513_21-33,kvmBridgeBr0,64,1000,2.15944E+05,3.59839E+05,4.66316E+05,2.4456E+04,999.4224977016181,511704.3188232285,2.046817275292914e+06
Local,basic,20160513_21-33,kvmBridgeBr0,128,1000,1.73467E+05,3.3125E+05,5.02181E+05,3.7133E+04,999.4878124704995,1.0234755199697915e+06,2.046951039939583e+06
Local,basic,20160513_21-33,kvmBridgeBr0,256,1000,1.70714E+05,3.20676E+05,4.75731E+05,4.0163E+04,999.4653829682542,2.0469051043189846e+06,2.0469051043189846e+06
Local,basic,20160513_21-33,kvmBridgeBr0,512,1000,2.31439E+05,3.37331E+05,4.26957E+05,3.4021E+04,999.4526537519833,4.093758069768124e+06,2.046879034884062e+06
Local,basic,20160513_21-33,kvmBridgeBr0,1024,1000,2.06076E+05,3.34181E+05,5.06263E+05,3.6974E+04,999.5276662046414,8.188130641548422e+06,2.0470326603871055e+06
Local,basic,20160513_21-33,kvmBridgeBr0,2048,1000,1.50198E+05,3.52483E+05,1.550911E+06,5.993E+04,999.4346288253851,1.6374736958675109e+07,2.0468421198343886e+06
Local,basic,20160513_21-33,kvmBridgeBr0,4096,1000,2.06008E+05,3.58378E+05,1.289967E+06,4.5168E+04,999.515766595589,3.275213263980426e+07,2.0470082899877662e+06
Local,basic,20160513_21-33,kvmBridgeBr0,8192,1000,2.0455E+05,3.33351E+05,1.293775E+06,5.6551E+04,999.6040688235878,6.551005225442265e+07,2.0471891329507078e+06
Local,basic,20160513_21-33,kvmBridgeBr0,16384,1000,1.81749E+05,2.77441E+05,1.360664E+06,9.5217E+04,999.4702537797999,1.3100256510342593e+08,2.0469150797410302e+06
Local,basic,20160513_21-33,kvmBridgeBr0,32768,1000,1.95861E+05,3.16855E+05,1.476647E+06,1.09077E+05,999.4703117183689,2.620051453951001e+08,2.0469151983992194e+06
Local,basic,20160513_21-33,kvmBridgeBr0,65536,1000,1.79417E+05,3.05702E+05,1.394571E+06,1.44319E+05,999.3758717793081,5.239607770634299e+08,2.046721785404023e+06
Local,basic,20160513_21-33,kvmBridgeBr0,131072,1000,2.21037E+05,3.74312E+05,1.587841E+06,2.01949E+05,999.5145577686121,1.0480669769267802e+09,2.0470058143101176e+06
Local,basic,20160513_21-33,kvmBridgeBr0,262144,1000,2.97884E+05,5.01351E+05,1.733549E+06,2.77995E+05,999.5418470003834,2.096191183520548e+09,2.0470617026567853e+06
Local,basic,20160513_21-33,kvmNetworkDefault,16,1000,2.16598E+05,3.43371E+05,5.2309E+05,3.8373E+04,999.5121351283076,127937.55329642337,2.047000852742774e+06
Local,basic,20160513_21-33,kvmNetworkDefault,32,1000,1.75975E+05,3.39602E+05,4.84031E+05,4.3542E+04,999.4863539678324,255868.5066157651,2.0469480529261208e+06
Local,basic,20160513_21-33,kvmNetworkDefault,64,1000,2.72119E+05,3.57507E+05,5.1876E+05,3.4006E+04,999.4829474816089,511735.26911058376,2.046941076442335e+06
Local,basic,20160513_21-33,kvmNetworkDefault,128,1000,1.61717E+05,2.69028E+05,8.60303E+05,4.5899E+04,999.5101111087525,1.0234983537753626e+06,2.0469967075507252e+06
Local,basic,20160513_21-33,kvmNetworkDefault,256,1000,2.11271E+05,3.38459E+05,4.32579E+05,4.3867E+04,999.500884240941,2.0469778109254471e+06,2.0469778109254471e+06
Local,basic,20160513_21-33,kvmNetworkDefault,512,1000,2.88799E+05,3.62682E+05,4.998E+05,3.1556E+04,999.4213390423798,4.093629804717588e+06,2.046814902358794e+06
Local,basic,20160513_21-33,kvmNetworkDefault,1024,1000,2.05456E+05,3.41005E+05,4.66754E+05,4.2386E+04,999.3623928023187,8.186776721836595e+06,2.0466941804591487e+06
Local,basic,20160513_21-33,kvmNetworkDefault,2048,1000,1.53226E+05,3.29867E+05,1.162844E+06,4.6021E+04,999.4420255093465,1.6374858145945134e+07,2.0468572682431417e+06
Local,basic,20160513_21-33,kvmNetworkDefault,4096,1000,2.16471E+05,3.4145E+05,1.341226E+06,4.8461E+04,999.5062908691062,3.2751822139198873e+07,2.0469888836999296e+06
Local,basic,20160513_21-33,kvmNetworkDefault,8192,1000,2.24833E+05,3.62939E+05,1.338752E+06,5.4853E+04,999.4933608133771,6.550279689426548e+07,2.0469624029457963e+06
Local,basic,20160513_21-33,kvmNetworkDefault,16384,1000,2.31275E+05,3.94838E+05,1.51833E+06,8.0132E+04,999.560871918188,1.3101444260406074e+08,2.047100665688449e+06
Local,basic,20160513_21-33,kvmNetworkDefault,32768,1000,2.08751E+05,3.15362E+05,1.369762E+06,1.05242E+05,999.50476537885,2.6201417721547326e+08,2.0469857594958849e+06
Local,basic,20160513_21-33,kvmNetworkDefault,65536,1000,1.93964E+05,3.15732E+05,1.426757E+06,1.48082E+05,999.4851122459711,5.240180505292157e+08,2.0469455098797488e+06
Local,basic,20160513_21-33,kvmNetworkDefault,131072,1000,2.59045E+05,3.42756E+05,1.515741E+06,1.97939E+05,999.3833434998768,1.0479293887937268e+09,2.0467370874877477e+06
Local,basic,20160513_21-33,kvmNetworkDefault,262144,1000,3.12581E+05,4.88317E+05,2.175522E+06,2.87369E+05,999.5995414313112,2.0963121775117571e+09,2.0471798608513253e+06
Local,basic,20160513_21-33,lxcBridgeBr0,16,1000,1.7057E+05,2.36355E+05,3.50623E+05,2.6562E+04,999.4868484596982,127934.31660284137,2.046949065645462e+06
Local,basic,20160513_21-33,lxcBridgeBr0,32,1000,8.5836E+04,1.13206E+05,2.13439E+05,1.8126E+04,999.5516251302057,255885.21603333266,2.0470817282666613e+06
Local,basic,20160513_21-33,lxcBridgeBr0,64,1000,9.1248E+04,1.12355E+05,2.2038E+05,1.5405E+04,999.5515082351154,511770.3722163791,2.0470814888655164e+06
Local,basic,20160513_21-33,lxcBridgeBr0,128,1000,1.56943E+05,2.34863E+05,3.985E+05,2.0575E+04,999.5602434708849,1.0235496893141861e+06,2.0470993786283722e+06
Local,basic,20160513_21-33,lxcBridgeBr0,256,1000,8.5155E+04,1.40573E+05,2.04357E+05,1.3558E+04,999.6280114269916,2.0472381674024789e+06,2.0472381674024789e+06
Local,basic,20160513_21-33,lxcBridgeBr0,512,1000,1.12664E+05,2.56082E+05,5.72293E+05,3.523E+04,999.591429997677,4.094326497270485e+06,2.0471632486352425e+06
Local,basic,20160513_21-33,lxcBridgeBr0,1024,1000,7.9316E+04,1.62174E+05,5.39557E+05,4.3958E+04,999.6385436978999,8.189038949973196e+06,2.047259737493299e+06
Local,basic,20160513_21-33,lxcBridgeBr0,2048,1000,8.7188E+04,1.31619E+05,1.52204E+06,5.2898E+04,999.5963150273689,1.6377386025408411e+07,2.0471732531760514e+06
Local,basic,20160513_21-33,lxcBridgeBr0,4096,1000,9.8825E+04,2.28996E+05,1.482833E+06,4.9332E+04,999.5973441970053,3.275480577464747e+07,2.047175360915467e+06
Local,basic,20160513_21-33,lxcBridgeBr0,8192,1000,1.15842E+05,2.06511E+05,1.78723E+06,8.7761E+04,999.601087194931,6.5509856850407e+07,2.0471830265752187e+06
Local,basic,20160513_21-33,lxcBridgeBr0,16384,1000,1.3079E+05,2.52983E+05,1.593627E+06,9.9573E+04,999.6012420713166,1.3101973400077161e+08,2.0471833437620564e+06
Local,basic,20160513_21-33,lxcBridgeBr0,32768,1000,1.16874E+05,2.24793E+05,1.523371E+06,1.40336E+05,999.5839012102754,2.6203492219886643e+08,2.047147829678644e+06
Local,basic,20160513_21-33,lxcBridgeBr0,65536,1000,1.48718E+05,2.61444E+05,1.588318E+06,1.96039E+05,999.5755552298606,5.2406546870035315e+08,2.0471307371107545e+06
Local,basic,20160513_21-33,lxcBridgeBr0,131072,1000,1.71835E+05,2.90359E+05,1.683373E+06,2.94239E+05,999.6130028247953,1.0481702040500126e+09,2.0472074297851808e+06
Local,basic,20160513_21-33,lxcBridgeBr0,262144,1000,2.44514E+05,5.01856E+05,1.802037E+06,3.97105E+05,999.5772258136105,2.096265378269465e+09,2.0471341584662744e+06
Local,basic,20160513_21-33,lxcNetworkDefault,16,1000,6.284E+04,2.33934E+05,3.68505E+05,3.6049E+04,999.5422566249518,127941.40884799384,2.0470625415679014e+06
Local,basic,20160513_21-33,lxcNetworkDefault,32,1000,1.17566E+05,2.36486E+05,3.46618E+05,4.2604E+04,999.5691886783871,255889.7123016671,2.0471176984133369e+06
Local,basic,20160513_21-33,lxcNetworkDefault,64,1000,1.07429E+05,2.27008E+05,3.05952E+05,2.6137E+04,999.5511525544965,511770.1901079022,2.047080760431609e+06
Local,basic,20160513_21-33,lxcNetworkDefault,128,1000,7.644E+04,2.45065E+05,5.06742E+05,4.9464E+04,999.6500385159163,1.0236416394402983e+06,2.0472832788805966e+06
Local,basic,20160513_21-33,lxcNetworkDefault,256,1000,1.14466E+05,2.09782E+05,1.042276E+06,3.9609E+04,999.5137065963296,2.047004071109283e+06,2.047004071109283e+06
Local,basic,20160513_21-33,lxcNetworkDefault,512,1000,9.7107E+04,2.31936E+05,3.30838E+05,3.7749E+04,999.5969065498523,4.094348929228195e+06,2.0471744646140975e+06
Local,basic,20160513_21-33,lxcNetworkDefault,1024,1000,1.60463E+05,2.62875E+05,5.22638E+05,3.212E+04,999.6320304514308,8.188985593458121e+06,2.0472463983645302e+06
Local,basic,20160513_21-33,lxcNetworkDefault,2048,1000,1.10491E+05,2.26238E+05,1.147038E+06,4.8614E+04,999.5436383610335,1.6376522970907172e+07,2.0470653713633965e+06
Local,basic,20160513_21-33,lxcNetworkDefault,4096,1000,9.2759E+04,2.10993E+05,1.072346E+06,3.9853E+04,999.6349093398712,3.27560367092489e+07,2.0472522943280563e+06
Local,basic,20160513_21-33,lxcNetworkDefault,8192,1000,1.074E+05,2.08271E+05,1.025063E+06,4.8385E+04,999.5900221507751,6.55091316916732e+07,2.0471603653647874e+06
Local,basic,20160513_21-33,lxcNetworkDefault,16384,1000,1.48212E+05,2.56789E+05,1.14588E+06,7.0777E+04,999.6765236707942,1.3102960131057833e+08,2.0473375204777864e+06
Local,basic,20160513_21-33,lxcNetworkDefault,32768,1000,1.61121E+05,2.63714E+05,1.105367E+06,9.0689E+04,999.6405712354878,2.620497779059557e+08,2.047263889890279e+06
Local,basic,20160513_21-33,lxcNetworkDefault,65536,1000,1.57045E+05,2.90155E+05,1.191334E+06,1.20887E+05,999.5988439907263,5.240776787182099e+08,2.0471784324930075e+06
Local,basic,20160513_21-33,lxcNetworkDefault,131072,1000,1.70944E+05,2.90027E+05,1.170054E+06,1.66315E+05,999.5923052827751,1.0481485011041912e+09,2.0471650412191234e+06
Local,basic,20160513_21-33,lxcNetworkDefault,262144,1000,2.29603E+05,3.66669E+05,1.291711E+06,2.40085E+05,999.6007834375138,2.0963147821875489e+09,2.0471824044800282e+06
Local,basic,20160513_21-33,physical,16,1000,1.19447E+05,2.21352E+05,3.9356E+05,3.7417E+04,999.5574259585084,127943.35052268907,2.0470936083630251e+06
Local,basic,20160513_21-33,physical,32,1000,1.17057E+05,2.1064E+05,3.00214E+05,2.6767E+04,999.6266704270224,255904.42762931774,2.047235421034542e+06
Local,basic,20160513_21-33,physical,64,1000,6.6536E+04,1.88866E+05,3.05321E+05,3.2694E+04,999.6059723190133,511798.2578273348,2.0471930313093392e+06
Local,basic,20160513_21-33,physical,128,1000,8.4018E+04,2.03679E+05,3.17836E+05,3.3452E+04,999.6512896413318,1.0236429205927238e+06,2.0472858411854475e+06
Local,basic,20160513_21-33,physical,256,1000,1.01421E+05,1.87808E+05,4.53633E+05,5.2413E+04,999.7140387972004,2.0474143514566664e+06,2.0474143514566664e+06
Local,basic,20160513_21-33,physical,512,1000,1.05881E+05,1.95944E+05,3.00939E+05,4.1875E+04,999.668406990396,4.094641795032662e+06,2.047320897516331e+06
Local,basic,20160513_21-33,physical,1024,1000,8.1431E+04,2.09741E+05,2.95656E+05,3.7096E+04,999.6168398679606,8.188861152198333e+06,2.0472152880495833e+06
Local,basic,20160513_21-33,physical,2048,1000,1.24008E+05,2.42149E+05,4.829935E+06,2.17798E+05,999.6246319540796,1.637784996993564e+07,2.047231246241955e+06
Local,basic,20160513_21-33,physical,4096,1000,1.03188E+05,2.23675E+05,4.167138E+06,1.80704E+05,999.6124372631114,3.2755300344237633e+07,2.047206271514852e+06
Local,basic,20160513_21-33,physical,8192,1000,8.837E+04,2.29462E+05,4.421858E+06,2.61346E+05,999.5869616711549,6.550893112008081e+07,2.0471540975025252e+06
Local,basic,20160513_21-33,physical,16384,1000,7.4448E+04,2.32909E+05,4.298871E+06,3.57146E+05,999.5312498297674,1.3101055997768727e+08,2.0470399996513636e+06
Local,basic,20160513_21-33,physical,32768,1000,8.163E+04,3.23513E+05,4.468417E+06,5.07767E+05,999.5420987695907,2.6202396393985558e+08,2.0470622182801217e+06
Local,basic,20160513_21-33,physical,65536,1000,1.42311E+05,3.82811E+05,4.257967E+06,6.66404E+05,999.60097428508,5.2407879560597605e+08,2.047182795335844e+06
Local,basic,20160513_21-33,physical,131072,1000,1.1745E+05,5.65827E+05,4.363188E+06,9.35141E+05,999.5598648042907,1.0481144847970239e+09,2.0470986031191873e+06
Local,basic,20160513_21-33,physical,262144,1000,1.84186E+05,1.003962E+06,4.850476E+06,1.255844E+06,999.4551759950064,2.0960094212482796e+09,2.046884200437773e+06
Remote,basic,20160513_20-22,kvmBridgeBr0,16,1000,2.71842E+05,3.82204E+05,5.68723E+05,3.6226E+04,999.3622240177897,127918.36467427708,2.0466938347884333e+06
Remote,basic,20160513_20-22,kvmBridgeBr0,32,1000,2.72065E+05,3.97244E+05,5.28138E+05,3.5113E+04,999.3741599210844,255839.7849397976,2.0467182795183808e+06
Remote,basic,20160513_20-22,kvmBridgeBr0,64,1000,3.07668E+05,4.08319E+05,5.34842E+05,3.5618E+04,999.38795582748,511686.6333836698,2.046746533534679e+06
Remote,basic,20160513_20-22,kvmBridgeBr0,128,1000,2.83392E+05,3.6287E+05,6.91658E+05,3.8533E+04,999.4110470699618,1.0233969121996409e+06,2.0467938243992818e+06
Remote,basic,20160513_20-22,kvmBridgeBr0,256,1000,2.69528E+05,3.45228E+05,4.53588E+05,3.2714E+04,999.381374933865,2.0467330558645555e+06,2.0467330558645555e+06
Remote,basic,20160513_20-22,kvmBridgeBr0,512,1000,2.4324E+05,3.81476E+05,5.1156E+05,3.2555E+04,999.4099343830013,4.0935830912327734e+06,2.0467915456163867e+06
Remote,basic,20160513_20-22,kvmBridgeBr0,1024,1000,2.94333E+05,3.93897E+05,5.1329E+05,3.4041E+04,999.3081819435649,8.186332626481684e+06,2.046583156620421e+06
Remote,basic,20160513_20-22,kvmBridgeBr0,2048,1000,3.13151E+05,4.03789E+05,1.274675E+06,5.7177E+04,999.3911319461641,1.6374024305805953e+07,2.0467530382257442e+06
Remote,basic,20160513_20-22,kvmBridgeBr0,4096,1000,2.47554E+05,4.19382E+05,8.60555E+05,3.9608E+04,999.2317336869327,3.274282544945341e+07,2.046426590590838e+06
Remote,basic,20160513_20-22,kvmBridgeBr0,8192,1000,3.52619E+05,5.10296E+05,8.96474E+05,5.0287E+04,999.4231519457369,6.549819568591581e+07,2.0468186151848692e+06
Remote,basic,20160513_20-22,kvmBridgeBr0,16384,1000,4.17892E+05,5.74681E+05,1.470421E+06,6.7579E+04,999.4229142202937,1.3099636021268234e+08,2.0468181283231615e+06
Remote,basic,20160513_20-22,kvmBridgeBr0,32768,1000,4.4621E+05,5.92995E+05,1.144143E+06,7.15E+04,999.4879763025718,2.620097760598614e+08,2.0469513754676671e+06
Remote,basic,20160513_20-22,kvmBridgeBr0,65536,1000,6.98012E+05,8.02338E+05,1.167405E+06,5.6503E+04,999.482350100201,5.2401660236933416e+08,2.0469398530052116e+06
Remote,basic,20160513_20-22,kvmBridgeBr0,131072,1000,1.877567E+06,2.2172556E+07,2.8486123E+07,5.693249E+06,895.3568488727972,9.388497031636422e+08,1.8336908264914886e+06
Remote,basic,20160513_20-22,kvmBridgeBr0,262144,1000,3.346339E+06,2.5107473E+07,3.0229266E+07,3.581083E+06,448.5965929010714,9.407752419956677e+08,918725.8222613942
Remote,basic,20160513_20-22,kvmNetworkDefault,16,1000,2.92841E+05,3.86584E+05,5.4857E+05,3.6533E+04,999.1948597731383,127896.9420509617,2.0463510728153873e+06
Remote,basic,20160513_20-22,kvmNetworkDefault,32,1000,3.17825E+05,3.94551E+05,6.75465E+05,4.1033E+04,999.4693687190453,255864.1583920756,2.0469132671366048e+06
Remote,basic,20160513_20-22,kvmNetworkDefault,64,1000,2.9317E+05,4.05829E+05,4.137883E+06,1.61212E+05,999.3871198524278,511686.205364443,2.046744821457772e+06
Remote,basic,20160513_20-22,kvmNetworkDefault,128,1000,2.92453E+05,4.01416E+05,5.80064E+05,3.7299E+04,999.3139669644231,1.0232975021715693e+06,2.0465950043431385e+06
Remote,basic,20160513_20-22,kvmNetworkDefault,256,1000,2.79922E+05,4.17466E+05,5.88459E+05,4.0363E+04,999.1105927494449,2.0461784939508631e+06,2.0461784939508631e+06
Remote,basic,20160513_20-22,kvmNetworkDefault,512,1000,3.04449E+05,3.92375E+05,5.4448E+05,4.2228E+04,999.2315789250277,4.0928525472769137e+06,2.0464262736384568e+06
Remote,basic,20160513_20-22,kvmNetworkDefault,1024,1000,3.08554E+05,4.1128E+05,5.65594E+05,3.796E+04,999.1816502448165,8.185296078805537e+06,2.0463240197013842e+06
Remote,basic,20160513_20-22,kvmNetworkDefault,2048,1000,3.34793E+05,4.19631E+05,1.412321E+06,5.7929E+04,999.2521367180809,1.6371747007989038e+07,2.0464683759986297e+06
Remote,basic,20160513_20-22,kvmNetworkDefault,4096,1000,2.88875E+05,4.18052E+05,8.13314E+05,3.7368E+04,999.357275360639,3.274693919901742e+07,2.0466836999385888e+06
Remote,basic,20160513_20-22,kvmNetworkDefault,8192,1000,3.77207E+05,5.38148E+05,9.08868E+05,4.3106E+04,999.2735241508482,6.5488389678749986e+07,2.046512177460937e+06
Remote,basic,20160513_20-22,kvmNetworkDefault,16384,1000,4.0699E+05,5.72464E+05,1.12212E+06,6.3271E+04,999.3516236646212,1.3098701601696923e+08,2.0466721252651443e+06
Remote,basic,20160513_20-22,kvmNetworkDefault,32768,1000,4.46587E+05,5.68302E+05,1.159612E+06,7.7625E+04,999.3055226339903,2.6196194692536476e+08,2.0465777103544122e+06
Remote,basic,20160513_20-22,kvmNetworkDefault,65536,1000,7.22885E+05,8.06083E+05,2.170377E+06,1.18521E+05,999.0576508595185,5.2379393765383524e+08,2.046070068960294e+06
Remote,basic,20160513_20-22,kvmNetworkDefault,131072,1000,3.208921E+06,2.3523885E+07,2.9841468E+07,5.629718E+06,894.0049949829199,9.374321816192102e+08,1.83092222972502e+06
Remote,basic,20160513_20-22,kvmNetworkDefault,262144,1000,3.774632E+06,2.5696757E+07,3.0656935E+07,3.622187E+06,447.695382474526,9.388852667472172e+08,916880.1433078293
Remote,basic,20160513_20-22,lxcBridgeBr0,16,1000,2.22137E+05,3.12464E+05,4.33134E+05,3.555E+04,999.2955985311866,127909.83661199188,2.04655738579187e+06
Remote,basic,20160513_20-22,lxcBridgeBr0,32,1000,1.83269E+05,3.01643E+05,5.08555E+05,3.2557E+04,999.3324429301255,255829.10539011212,2.046632843120897e+06
Remote,basic,20160513_20-22,lxcBridgeBr0,64,1000,1.70303E+05,2.8611E+05,4.00239E+05,3.0814E+04,999.3717928922445,511678.35796082916,2.0467134318433166e+06
Remote,basic,20160513_20-22,lxcBridgeBr0,128,1000,1.97911E+05,3.20616E+05,5.55969E+05,3.9293E+04,999.350120617862,1.0233345235126907e+06,2.0466690470253814e+06
Remote,basic,20160513_20-22,lxcBridgeBr0,256,1000,2.45761E+05,3.1458E+05,5.3023E+05,3.3797E+04,998.1997915948494,2.0443131731862517e+06,2.0443131731862517e+06
Remote,basic,20160513_20-22,lxcBridgeBr0,512,1000,2.1808E+05,3.1207E+05,4.13224E+05,3.0466E+04,999.342716306002,4.093307765989384e+06,2.046653882994692e+06
Remote,basic,20160513_20-22,lxcBridgeBr0,1024,1000,2.13788E+05,3.13407E+05,5.33068E+05,3.6525E+04,999.3765229661233,8.186892476138482e+06,2.0467231190346205e+06
Remote,basic,20160513_20-22,lxcBridgeBr0,2048,1000,2.37149E+05,3.02479E+05,6.84491E+05,3.17E+04,999.320311290955,1.6372863980191007e+07,2.046607997523876e+06
Remote,basic,20160513_20-22,lxcBridgeBr0,4096,1000,2.63219E+05,3.26222E+05,6.24266E+05,2.9731E+04,999.5118374190928,3.2752003888548832e+07,2.047000243034302e+06
Remote,basic,20160513_20-22,lxcBridgeBr0,8192,1000,3.1586E+05,3.90861E+05,6.98E+05,3.1036E+04,999.4772943640706,6.5501743963443734e+07,2.0469294988576167e+06
Remote,basic,20160513_20-22,lxcBridgeBr0,16384,1000,4.34203E+05,4.87836E+05,8.41162E+05,3.511E+04,999.3106325553061,1.3098164323028909e+08,2.046588175473267e+06
Remote,basic,20160513_20-22,lxcBridgeBr0,32768,1000,4.69582E+05,5.20965E+05,9.01674E+05,4.0262E+04,999.5210844699817,2.6201845516729888e+08,2.0470191809945225e+06
Remote,basic,20160513_20-22,lxcBridgeBr0,65536,1000,6.9534E+05,7.85412E+05,1.200423E+06,4.8974E+04,999.409685676829,5.239785052841333e+08,2.0467910362661458e+06
Remote,basic,20160513_20-22,lxcBridgeBr0,131072,1000,1.955494E+06,2.1333313E+07,2.7292433E+07,5.195735E+06,894.9202104085567,9.383918545493628e+08,1.8327965909167242e+06
Remote,basic,20160513_20-22,lxcBridgeBr0,262144,1000,3.544274E+06,2.644796E+07,3.1853096E+07,3.851484E+06,448.613378463564,9.408104438716202e+08,918760.1990933791
Remote,basic,20160513_20-22,lxcNetworkDefault,16,1000,2.49656E+05,3.25681E+05,6.38747E+05,3.8274E+04,999.2889030187451,127908.97958639938,2.04654367338239e+06
Remote,basic,20160513_20-22,lxcNetworkDefault,32,1000,2.22307E+05,3.28573E+05,6.54759E+05,4.3782E+04,999.5326874830884,255880.36799567062,2.047042943965365e+06
Remote,basic,20160513_20-22,lxcNetworkDefault,64,1000,1.64344E+05,3.21625E+05,4.30063E+05,3.5874E+04,999.4758768491321,511731.6489467556,2.0469265957870225e+06
Remote,basic,20160513_20-22,lxcNetworkDefault,128,1000,1.62861E+05,2.55666E+05,4.38374E+05,3.1958E+04,999.4620315658135,1.023449120323393e+06,2.046898240646786e+06
Remote,basic,20160513_20-22,lxcNetworkDefault,256,1000,1.89117E+05,3.16511E+05,4.04626E+05,3.1812E+04,999.4594153897823,2.0468928827182741e+06,2.0468928827182741e+06
Remote,basic,20160513_20-22,lxcNetworkDefault,512,1000,2.24962E+05,3.33214E+05,5.50032E+05,3.6698E+04,999.3679836972221,4.093411261223822e+06,2.046705630611911e+06
Remote,basic,20160513_20-22,lxcNetworkDefault,1024,1000,1.96619E+05,3.32684E+05,4.63086E+05,3.2604E+04,999.3168550061156,8.186403676210099e+06,2.0466009190525247e+06
Remote,basic,20160513_20-22,lxcNetworkDefault,2048,1000,1.88395E+05,2.68746E+05,6.60961E+05,3.5772E+04,999.4409976583946,1.6374841305635137e+07,2.0468551632043922e+06
Remote,basic,20160513_20-22,lxcNetworkDefault,4096,1000,3.29614E+05,3.97282E+05,7.31279E+05,3.7262E+04,999.2584173529547,3.274369981982162e+07,2.0464812387388512e+06
Remote,basic,20160513_20-22,lxcNetworkDefault,8192,1000,2.5925E+05,3.77921E+05,7.59396E+05,3.5297E+04,999.3415258738696,6.549284623966992e+07,2.046651444989685e+06
Remote,basic,20160513_20-22,lxcNetworkDefault,16384,1000,3.80316E+05,5.68322E+05,8.76095E+05,4.093E+04,999.3997954618384,1.3099332999077408e+08,2.046770781105845e+06
Remote,basic,20160513_20-22,lxcNetworkDefault,32768,1000,4.48906E+05,5.36648E+05,9.87311E+05,4.5191E+04,999.2977215416369,2.6195990191581085e+08,2.0465617337172723e+06
Remote,basic,20160513_20-22,lxcNetworkDefault,65536,1000,7.23003E+05,8.26408E+05,2.297798E+06,8.6252E+04,999.2279355440945,5.238832158705422e+08,2.0464188119943056e+06
Remote,basic,20160513_20-22,lxcNetworkDefault,131072,1000,2.74555E+06,2.2934471E+07,2.9439137E+07,5.689644E+06,893.5127378840846,9.369160126395419e+08,1.8299140871866052e+06
Remote,basic,20160513_20-22,lxcNetworkDefault,262144,1000,4.218515E+06,2.5883755E+07,3.0963896E+07,3.765739E+06,447.5568612768395,9.385947667404466e+08,916596.4518949674
Remote,basic,20160513_20-22,physical,16,1000,1.58186E+05,2.48172E+05,1.203581E+06,4.7281E+04,999.3113036295662,127911.84686458447,2.0465895498333515e+06
Remote,basic,20160513_20-22,physical,32,1000,1.29789E+05,1.99063E+05,3.2125E+05,2.3077E+04,999.4019159186338,255846.89047517025,2.046775123801362e+06
Remote,basic,20160513_20-22,physical,64,1000,1.3082E+05,2.423E+05,3.26927E+05,2.6593E+04,999.4581617478552,511722.5788149019,2.0468903152596075e+06
Remote,basic,20160513_20-22,physical,128,1000,1.69134E+05,2.40842E+05,5.09211E+05,2.9242E+04,999.577551538126,1.0235674127750411e+06,2.0471348255500821e+06
Remote,basic,20160513_20-22,physical,256,1000,1.61446E+05,2.60875E+05,5.04127E+05,3.5377E+04,999.4726892033758,2.0469200674885137e+06,2.0469200674885137e+06
Remote,basic,20160513_20-22,physical,512,1000,1.46818E+05,1.82389E+05,4.9645E+05,2.8703E+04,999.4403583741266,4.0937077079004226e+06,2.0468538539502113e+06
Remote,basic,20160513_20-22,physical,1024,1000,1.43026E+05,2.34289E+05,3.579211E+06,1.44666E+05,999.4004227086015,8.187088262828863e+06,2.0467720657072158e+06
Remote,basic,20160513_20-22,physical,2048,1000,1.66285E+05,2.31901E+05,2.485256E+06,8.6224E+04,999.5399847114562,1.6376463109512499e+07,2.0470578886890623e+06
Remote,basic,20160513_20-22,physical,4096,1000,1.91374E+05,2.90686E+05,2.971488E+06,1.40574E+05,999.4342073026012,3.2749460104891635e+07,2.0468412565557272e+06
Remote,basic,20160513_20-22,physical,8192,1000,2.58606E+05,3.75989E+05,3.019096E+06,1.74727E+05,999.409503891673,6.549730124704468e+07,2.0467906639701463e+06
Remote,basic,20160513_20-22,physical,16384,1000,3.51374E+05,4.58709E+05,3.211902E+06,2.36219E+05,999.5299490517995,1.3101038948211746e+08,2.0470373356580853e+06
Remote,basic,20160513_20-22,physical,32768,1000,3.98389E+05,5.11639E+05,3.134576E+06,3.20054E+05,999.5090901108829,2.6201531091802728e+08,2.0469946165470881e+06
Remote,basic,20160513_20-22,physical,65536,1000,6.68606E+05,8.27312E+05,3.371344E+06,4.2921E+05,999.3942801189455,5.239704283350017e+08,2.0467594856836004e+06
Remote,basic,20160513_20-22,physical,131072,1000,1.859123E+06,2.3149886E+07,3.2471218E+07,5.213081E+06,892.2289427810895,9.355698559056237e+08,1.8272848748156712e+06
Remote,basic,20160513_20-22,physical,262144,1000,3.155463E+06,2.5064282E+07,3.2660604E+07,3.648999E+06,447.32566707797963,9.381099173639191e+08,916122.9661757023
Local,ovs2.5.0,20160517_18-02,kvmBridgeOvsbr0,16,1000,1.66162E+05,3.14918E+05,5.50407E+05,6.6327E+04,999.5003437811419,127936.04400398616,2.0469767040637785e+06
Local,ovs2.5.0,20160517_18-02,kvmBridgeOvsbr0,32,1000,1.30804E+05,2.84221E+05,4.95998E+05,7.4656E+04,999.6158486289877,255901.65724902085,2.0472132579921668e+06
Local,ovs2.5.0,20160517_18-02,kvmBridgeOvsbr0,64,1000,1.82236E+05,3.07975E+05,4.67666E+05,4.0892E+04,999.4677913968235,511727.5091951736,2.0469100367806945e+06
Local,ovs2.5.0,20160517_18-02,kvmBridgeOvsbr0,128,1000,1.9844E+05,3.45585E+05,4.70996E+05,4.1284E+04,999.4878204623067,1.023475528153402e+06,2.046951056306804e+06
Local,ovs2.5.0,20160517_18-02,kvmBridgeOvsbr0,256,1000,1.41799E+05,3.58994E+05,5.18755E+05,5.1177E+04,999.5221894120955,2.0470214439159716e+06,2.0470214439159716e+06
Local,ovs2.5.0,20160517_18-02,kvmBridgeOvsbr0,512,1000,1.62834E+05,2.72719E+05,4.54344E+05,4.874E+04,999.4892739743597,4.093908066198977e+06,2.0469540330994886e+06
Local,ovs2.5.0,20160517_18-02,kvmBridgeOvsbr0,1024,1000,1.52461E+05,3.16142E+05,8.42E+05,5.1947E+04,999.5348214917518,8.188189257660431e+06,2.0470473144151077e+06
Local,ovs2.5.0,20160517_18-02,kvmBridgeOvsbr0,2048,1000,2.1568E+05,3.38349E+05,1.351058E+06,5.3012E+04,999.4478859982648,1.6374954164195571e+07,2.0468692705244464e+06
Local,ovs2.5.0,20160517_18-02,kvmBridgeOvsbr0,4096,1000,1.74233E+05,3.26913E+05,1.354575E+06,5.7822E+04,999.4046256817472,3.2748490774339493e+07,2.0467806733962183e+06
Local,ovs2.5.0,20160517_18-02,kvmBridgeOvsbr0,8192,1000,1.94227E+05,3.50111E+05,1.492748E+06,6.4809E+04,999.4670511858949,6.550107266651881e+07,2.0469085208287127e+06
Local,ovs2.5.0,20160517_18-02,kvmBridgeOvsbr0,16384,1000,1.72414E+05,3.34668E+05,1.413737E+06,8.8394E+04,999.498759368167,1.3100630138790439e+08,2.046973459186006e+06
Local,ovs2.5.0,20160517_18-02,kvmBridgeOvsbr0,32768,1000,1.8064E+05,3.0098E+05,1.487554E+06,1.15117E+05,999.4407029882008,2.619973836441389e+08,2.0468545597198352e+06
Local,ovs2.5.0,20160517_18-02,kvmBridgeOvsbr0,65536,1000,1.97466E+05,3.57126E+05,1.402734E+06,1.43267E+05,999.320894497689,5.2393195313440436e+08,2.046609191931267e+06
Local,ovs2.5.0,20160517_18-02,kvmBridgeOvsbr0,131072,1000,2.37247E+05,4.0731E+05,1.573524E+06,2.05443E+05,999.4206488423345,1.0479685062804997e+09,2.046813488829101e+06
Local,ovs2.5.0,20160517_18-02,kvmBridgeOvsbr0,262144,1000,2.99056E+05,5.13295E+05,1.796622E+06,2.82816E+05,999.3579664718719,2.0958055581024191e+09,2.0466851153343937e+06
Local,ovs2.5.0,20160517_18-02,lxcBridgeOvsbr0,16,1000,1.15712E+05,1.94208E+05,2.99845E+05,3.6665E+04,999.4847895786073,127934.05306606174,2.0469448490569878e+06
Local,ovs2.5.0,20160517_18-02,lxcBridgeOvsbr0,32,1000,1.0189E+05,1.99288E+05,3.591653E+06,1.43191E+05,999.5846965486169,255893.68231644592,2.0471494585315674e+06
Local,ovs2.5.0,20160517_18-02,lxcBridgeOvsbr0,64,1000,1.22311E+05,2.35731E+05,1.697796E+06,6.1379E+04,999.6967629805818,511844.74264605786,2.0473789705842314e+06
Local,ovs2.5.0,20160517_18-02,lxcBridgeOvsbr0,128,1000,8.4423E+04,2.08402E+05,3.45686E+05,5.3359E+04,999.5621118300496,1.0235516025139708e+06,2.0471032050279416e+06
Local,ovs2.5.0,20160517_18-02,lxcBridgeOvsbr0,256,1000,8.7648E+04,2.08427E+05,2.86876E+05,2.2168E+04,999.6541406600686,2.0472916800718205e+06,2.0472916800718205e+06
Local,ovs2.5.0,20160517_18-02,lxcBridgeOvsbr0,512,1000,1.38207E+05,2.6148E+05,5.79382E+05,3.2804E+04,999.5578705649023,4.0941890378338397e+06,2.0470945189169198e+06
Local,ovs2.5.0,20160517_18-02,lxcBridgeOvsbr0,1024,1000,8.8828E+04,1.95407E+05,7.112072E+06,3.7297E+05,999.7119280093845,8.189640114252877e+06,2.0474100285632194e+06
Local,ovs2.5.0,20160517_18-02,lxcBridgeOvsbr0,2048,1000,1.07801E+05,2.51692E+05,1.046592E+06,5.3243E+04,999.5978667761852,1.6377411449261019e+07,2.0471764311576274e+06
Local,ovs2.5.0,20160517_18-02,lxcBridgeOvsbr0,4096,1000,1.31145E+05,2.35235E+05,1.115188E+06,4.3586E+04,999.5428940414114,3.275302155194897e+07,2.0470638469968105e+06
Local,ovs2.5.0,20160517_18-02,lxcBridgeOvsbr0,8192,1000,1.17469E+05,2.10629E+05,1.476795E+06,7.2576E+04,999.6049141545197,6.5510107654030606e+07,2.0471908641884564e+06
Local,ovs2.5.0,20160517_18-02,lxcBridgeOvsbr0,16384,1000,1.03484E+05,2.66854E+05,1.133324E+06,7.2742E+04,999.6373575572495,1.3102446772974381e+08,2.047257308277247e+06
Local,ovs2.5.0,20160517_18-02,lxcBridgeOvsbr0,32768,1000,1.42107E+05,2.29224E+05,1.094004E+06,8.717E+04,999.6112032217294,2.6204207925735703e+08,2.0472037441981018e+06
Local,ovs2.5.0,20160517_18-02,lxcBridgeOvsbr0,65536,1000,1.37526E+05,2.69151E+05,1.152875E+06,1.22675E+05,999.7333171387199,5.241481813760252e+08,2.0474538335000984e+06
Local,ovs2.5.0,20160517_18-02,lxcBridgeOvsbr0,131072,1000,1.69546E+05,3.10935E+05,1.246753E+06,1.72317E+05,999.6840828351947,1.0482447368429971e+09,2.0473530016464787e+06
Local,ovs2.5.0,20160517_18-02,lxcBridgeOvsbr0,262144,1000,1.94519E+05,3.93983E+05,1.317413E+06,2.38921E+05,999.5891178935008,2.096290317768591e+09,2.0471585134458896e+06
Remote,ovs2.5.0,20160517_17-47,kvmBridgeOvsbr0,16,1000,2.17698E+05,3.80231E+05,8.37632E+05,4.0525E+04,999.2908332743502,127909.22665911683,2.0465476265458693e+06
Remote,ovs2.5.0,20160517_17-47,kvmBridgeOvsbr0,32,1000,2.2658E+05,3.74423E+05,7.15739E+05,4.054E+04,999.439956824114,255856.6289469732,2.0468530315757855e+06
Remote,ovs2.5.0,20160517_17-47,kvmBridgeOvsbr0,64,1000,2.22163E+05,3.44911E+05,4.69808E+05,3.4439E+04,999.2156157416428,511598.3952597211,2.0463935810388844e+06
Remote,ovs2.5.0,20160517_17-47,kvmBridgeOvsbr0,128,1000,1.95946E+05,3.36134E+05,8.35111E+05,4.4637E+04,999.3623778214409,1.0233470748891555e+06,2.046694149778311e+06
Remote,ovs2.5.0,20160517_17-47,kvmBridgeOvsbr0,256,1000,2.23905E+05,3.74438E+05,5.58659E+05,3.7246E+04,999.2846770532016,2.0465350186049568e+06,2.0465350186049568e+06
Remote,ovs2.5.0,20160517_17-47,kvmBridgeOvsbr0,512,1000,2.98877E+05,3.98575E+05,5.51487E+05,3.8245E+04,999.1802695093536,4.0926423839103123e+06,2.0463211919551562e+06
Remote,ovs2.5.0,20160517_17-47,kvmBridgeOvsbr0,1024,1000,2.00412E+05,3.5802E+05,5.06458E+05,6.1905E+04,999.3425275544093,8.186613985725721e+06,2.0466534964314303e+06
Remote,ovs2.5.0,20160517_17-47,kvmBridgeOvsbr0,2048,1000,2.15427E+05,3.5629E+05,1.420701E+06,6.0677E+04,996.4352876337255,1.6325595752590958e+07,2.0406994690738698e+06
Remote,ovs2.5.0,20160517_17-47,kvmBridgeOvsbr0,4096,1000,2.19236E+05,3.71632E+05,8.31156E+05,4.6274E+04,999.3028643371755,3.2745156258600567e+07,2.0465722661625354e+06
Remote,ovs2.5.0,20160517_17-47,kvmBridgeOvsbr0,8192,1000,3.35214E+05,4.59001E+05,8.86827E+05,4.3705E+04,999.2939578477283,6.548972882150872e+07,2.0465540256721475e+06
Remote,ovs2.5.0,20160517_17-47,kvmBridgeOvsbr0,16384,1000,3.99719E+05,5.045E+05,1.051097E+06,5.1969E+04,998.279797196704,1.3084652957816638e+08,2.0444770246588497e+06
Remote,ovs2.5.0,20160517_17-47,kvmBridgeOvsbr0,32768,1000,4.41136E+05,5.69284E+05,1.148657E+06,6.8536E+04,999.24112233268,2.6194506477277806e+08,2.0464458185373286e+06
Remote,ovs2.5.0,20160517_17-47,kvmBridgeOvsbr0,65536,1000,7.20516E+05,8.31003E+05,1.251738E+06,4.6964E+04,999.3948933757231,5.239707498581711e+08,2.0467607416334809e+06
Remote,ovs2.5.0,20160517_17-47,kvmBridgeOvsbr0,131072,1000,1.664409E+06,2.3184965E+07,3.0008054E+07,6.133574E+06,894.1753713178578,9.37610834154994e+08,1.8312711604589727e+06
Remote,ovs2.5.0,20160517_17-47,kvmBridgeOvsbr0,262144,1000,2.864695E+06,2.5318611E+07,3.0741064E+07,3.498704E+06,448.7043618923444,9.410012499512539e+08,918946.5331555214
Remote,ovs2.5.0,20160517_17-47,lxcBridgeOvsbr0,16,1000,1.42057E+05,2.709E+05,3.87355E+05,2.984E+04,999.4839694250377,127933.94808640482,2.0469431693824772e+06
Remote,ovs2.5.0,20160517_17-47,lxcBridgeOvsbr0,32,1000,1.67537E+05,2.57749E+05,4.95966E+05,3.0813E+04,999.4189927656506,255851.26214800656,2.0468100971840525e+06
Remote,ovs2.5.0,20160517_17-47,lxcBridgeOvsbr0,64,1000,1.6946E+05,2.59359E+05,3.85288E+05,2.7479E+04,999.4889682869377,511738.3517629121,2.0469534070516485e+06
Remote,ovs2.5.0,20160517_17-47,lxcBridgeOvsbr0,128,1000,1.54558E+05,2.7123E+05,5.67725E+05,3.8887E+04,999.4409457165175,1.0234275284137139e+06,2.0468550568274278e+06
Remote,ovs2.5.0,20160517_17-47,lxcBridgeOvsbr0,256,1000,1.65283E+05,2.66672E+05,9.73544E+05,3.5881E+04,999.473646194231,2.0469220274057852e+06,2.0469220274057852e+06
Remote,ovs2.5.0,20160517_17-47,lxcBridgeOvsbr0,512,1000,1.79614E+05,2.84045E+05,4.39087E+05,3.5635E+04,999.4511693804558,4.093751989782347e+06,2.0468759948911734e+06
Remote,ovs2.5.0,20160517_17-47,lxcBridgeOvsbr0,1024,1000,1.63589E+05,2.67375E+05,5.48962E+05,3.0676E+04,999.5392933484492,8.188225891110496e+06,2.047056472777624e+06
Remote,ovs2.5.0,20160517_17-47,lxcBridgeOvsbr0,2048,1000,1.63611E+05,2.8128E+05,6.80873E+05,3.711E+04,999.5745271042399,1.6377029052075867e+07,2.0471286315094833e+06
Remote,ovs2.5.0,20160517_17-47,lxcBridgeOvsbr0,4096,1000,2.35038E+05,3.42139E+05,6.63822E+05,4.3096E+04,999.3629261218558,3.274712436316097e+07,2.0466952726975607e+06
Remote,ovs2.5.0,20160517_17-47,lxcBridgeOvsbr0,8192,1000,2.66021E+05,3.58023E+05,8.56412E+05,4.3455E+04,999.4408388361331,6.549935481396482e+07,2.0468548379364007e+06
Remote,ovs2.5.0,20160517_17-47,lxcBridgeOvsbr0,16384,1000,3.37217E+05,4.55877E+05,8.18703E+05,4.6475E+04,999.4046106996034,1.3099396113361841e+08,2.0467806427127877e+06
Remote,ovs2.5.0,20160517_17-47,lxcBridgeOvsbr0,32768,1000,4.19464E+05,4.92918E+05,8.81787E+05,5.1932E+04,999.3729354566641,2.6197961879235175e+08,2.046715771815248e+06
Remote,ovs2.5.0,20160517_17-47,lxcBridgeOvsbr0,65536,1000,6.70969E+05,7.89853E+05,1.187625E+06,4.809E+04,999.4663049824655,5.240081901066469e+08,2.0469069926040894e+06
Remote,ovs2.5.0,20160517_17-47,lxcBridgeOvsbr0,131072,1000,1.935849E+06,2.2637025E+07,2.9122926E+07,5.823282E+06,895.4172511062527,9.3891303949599e+08,1.8338145302656055e+06
Remote,ovs2.5.0,20160517_17-47,lxcBridgeOvsbr0,262144,1000,3.444023E+06,2.6027027E+07,3.125101E+07,3.821759E+06,448.32454332766486,9.40204712688699e+08,918168.6647350576
10gRemote,ovs2.5.0,20160518_19-15,kvmBridgeOvsbr0,16,1000,2.85195E+05,3.81582E+05,1.445142E+06,4.9971E+04,999.251569567658,127904.20090466022,2.0464672144745635e+06
10gRemote,ovs2.5.0,20160518_19-15,kvmBridgeOvsbr0,32,1000,2.93667E+05,3.67895E+05,1.246544E+06,5.0816E+04,999.2901073056404,255818.26747024394,2.0465461397619515e+06
10gRemote,ovs2.5.0,20160518_19-15,kvmBridgeOvsbr0,64,1000,2.58808E+05,3.66059E+05,5.50072E+05,3.3181E+04,999.3398960250796,511662.02676484076,2.046648107059363e+06
10gRemote,ovs2.5.0,20160518_19-15,kvmBridgeOvsbr0,128,1000,3.02457E+05,3.6479E+05,1.68971E+06,5.0296E+04,999.4045128162744,1.023390221123865e+06,2.04678044224773e+06
10gRemote,ovs2.5.0,20160518_19-15,kvmBridgeOvsbr0,256,1000,2.5395E+05,3.58704E+05,6.28037E+05,3.3296E+04,999.3397142653113,2.0466477348153575e+06,2.0466477348153575e+06
10gRemote,ovs2.5.0,20160518_19-15,kvmBridgeOvsbr0,512,1000,2.72803E+05,4.1031E+05,9.03609E+05,4.5607E+04,999.3159063045483,4.09319795222343e+06,2.046598976111715e+06
10gRemote,ovs2.5.0,20160518_19-15,kvmBridgeOvsbr0,1024,1000,2.47183E+05,3.94762E+05,1.695199E+06,5.3837E+04,999.4558732351258,8.18754251354215e+06,2.0468856283855375e+06
10gRemote,ovs2.5.0,20160518_19-15,kvmBridgeOvsbr0,2048,1000,2.50579E+05,3.28009E+05,1.296446E+06,4.7225E+04,999.377565665797,1.6373802035868417e+07,2.0467252544835522e+06
10gRemote,ovs2.5.0,20160518_19-15,kvmBridgeOvsbr0,4096,1000,3.14154E+05,4.04134E+05,1.477042E+06,6.1444E+04,999.408302313432,3.274861125020654e+07,2.0467882031379088e+06
10gRemote,ovs2.5.0,20160518_19-15,kvmBridgeOvsbr0,8192,1000,3.04415E+05,3.74181E+05,1.801782E+06,7.5945E+04,999.3451321329487,6.549308257946493e+07,2.046658830608279e+06
10gRemote,ovs2.5.0,20160518_19-15,kvmBridgeOvsbr0,16384,1000,2.47938E+05,3.6523E+05,1.452935E+06,8.855E+04,999.3659862284809,1.3098889854693945e+08,2.0467015397959289e+06
10gRemote,ovs2.5.0,20160518_19-15,kvmBridgeOvsbr0,32768,1000,4.21636E+05,5.3375E+05,1.608267E+06,1.06909E+05,999.3697944095359,2.6197879538569337e+08,2.0467093389507295e+06
10gRemote,ovs2.5.0,20160518_19-15,kvmBridgeOvsbr0,65536,1000,6.39805E+05,7.66619E+05,1.829851E+06,1.27459E+05,999.5284654497249,5.2404078009370536e+08,2.0470342972410365e+06
10gRemote,ovs2.5.0,20160518_19-15,kvmBridgeOvsbr0,131072,1000,1.035256E+06,1.217628E+06,2.628107E+06,2.206E+05,999.3699871663904,1.047915383662985e+09,2.0467097337167675e+06
10gRemote,ovs2.5.0,20160518_19-15,kvmBridgeOvsbr0,262144,1000,3.161923E+06,1.5124644E+07,1.9103614E+07,1.944489E+06,904.2262188886468,1.8962998233947635e+09,1.8518552962839487e+06
10gRemote,ovs2.5.0,20160518_19-15,lxcBridgeOvsbr0,16,1000,2.19088E+05,3.15821E+05,1.081598E+06,4.893E+04,999.3647008615683,127918.68171028074,2.0466989073644918e+06
10gRemote,ovs2.5.0,20160518_19-15,lxcBridgeOvsbr0,32,1000,2.16541E+05,2.94969E+05,6.92567E+05,3.8678E+04,999.3509425491841,255833.84129259113,2.046670730340729e+06
10gRemote,ovs2.5.0,20160518_19-15,lxcBridgeOvsbr0,64,1000,1.87174E+05,2.50528E+05,7.95852E+05,3.3609E+04,999.2931459960072,511638.0907499557,2.0465523629998227e+06
10gRemote,ovs2.5.0,20160518_19-15,lxcBridgeOvsbr0,128,1000,2.05277E+05,2.77366E+05,4.43965E+05,2.9265E+04,999.4796858677324,1.023467198328558e+06,2.046934396657116e+06
10gRemote,ovs2.5.0,20160518_19-15,lxcBridgeOvsbr0,256,1000,1.70002E+05,2.84707E+05,2.362646E+06,8.9992E+04,999.3673504987668,2.0467043338214743e+06,2.0467043338214743e+06
10gRemote,ovs2.5.0,20160518_19-15,lxcBridgeOvsbr0,512,1000,1.91217E+05,2.81721E+05,1.504131E+06,4.8947E+04,999.3880287381543,4.09349336571148e+06,2.04674668285574e+06
10gRemote,ovs2.5.0,20160518_19-15,lxcBridgeOvsbr0,1024,1000,1.98755E+05,3.09571E+05,5.91914E+05,4.1979E+04,999.4004057289814,8.187088123731815e+06,2.0467720309329538e+06
10gRemote,ovs2.5.0,20160518_19-15,lxcBridgeOvsbr0,2048,1000,2.05677E+05,2.83113E+05,1.284666E+06,5.6745E+04,999.3978537985058,1.637413443663472e+07,2.04676680457934e+06
10gRemote,ovs2.5.0,20160518_19-15,lxcBridgeOvsbr0,4096,1000,2.38193E+05,3.20432E+05,1.444352E+06,5.5956E+04,999.365846405968,3.274722005503076e+07,2.0467012534394225e+06
10gRemote,ovs2.5.0,20160518_19-15,lxcBridgeOvsbr0,8192,1000,2.16496E+05,3.13218E+05,1.203497E+06,5.4242E+04,999.3684131540446,6.5494608324463464e+07,2.0467065101394833e+06
10gRemote,ovs2.5.0,20160518_19-15,lxcBridgeOvsbr0,16384,1000,2.79976E+05,3.63146E+05,1.781188E+06,8.3148E+04,999.4048104615584,1.3099398731681739e+08,2.0467810518252717e+06
10gRemote,ovs2.5.0,20160518_19-15,lxcBridgeOvsbr0,32768,1000,3.90146E+05,4.52598E+05,1.193619E+06,6.7739E+04,999.3528850289456,2.619743626930279e+08,2.0466747085392806e+06
10gRemote,ovs2.5.0,20160518_19-15,lxcBridgeOvsbr0,65536,1000,6.5027E+05,7.13483E+05,2.057749E+06,9.0354E+04,999.5057444093895,5.2402886772491e+08,2.0469877645504298e+06
10gRemote,ovs2.5.0,20160518_19-15,lxcBridgeOvsbr0,131072,1000,1.039134E+06,1.154845E+06,2.809783E+06,1.61309E+05,999.3439766491528,1.047888109658862e+09,2.0466564641774648e+06
10gRemote,ovs2.5.0,20160518_19-15,lxcBridgeOvsbr0,262144,1000,3.104395E+06,1.4564536E+07,2.4583972E+07,2.551673E+06,907.2138086694479,1.90256525327875e+09,1.8579738801550292e+06
Local,ovs,20160513_22-03,kvmBridgeOvsbr0,16,1000,2.05117E+05,3.2856E+05,4.68024E+05,4.0519E+04,999.4450811059528,127928.97038156196,2.0468635261049913e+06
Local,ovs,20160513_22-03,kvmBridgeOvsbr0,32,1000,1.65934E+05,3.28039E+05,4.69741E+05,5.0239E+04,999.4538244707261,255860.17906450588,2.046881432516047e+06
Local,ovs,20160513_22-03,kvmBridgeOvsbr0,64,1000,1.60595E+05,3.43404E+05,4.86861E+05,4.883E+04,999.4778867446549,511732.6780132633,2.0469307120530533e+06
Local,ovs,20160513_22-03,kvmBridgeOvsbr0,128,1000,1.49338E+05,3.24392E+05,4.87875E+05,4.7454E+04,999.5521806320331,1.0235414329672019e+06,2.0470828659344038e+06
Local,ovs,20160513_22-03,kvmBridgeOvsbr0,256,1000,1.72307E+05,3.4304E+05,5.11835E+05,4.033E+04,999.5321479879591,2.0470418390793402e+06,2.0470418390793402e+06
Local,ovs,20160513_22-03,kvmBridgeOvsbr0,512,1000,2.29486E+05,3.56761E+05,4.050458E+06,1.64195E+05,999.4984546739399,4.093945670344458e+06,2.046972835172229e+06
Local,ovs,20160513_22-03,kvmBridgeOvsbr0,1024,1000,1.79434E+05,3.40041E+05,5.03968E+05,5.3516E+04,999.5480993065631,8.188298029519365e+06,2.0470745073798413e+06
Local,ovs,20160513_22-03,kvmBridgeOvsbr0,2048,1000,1.46967E+05,3.41583E+05,1.193981E+06,6.3436E+04,999.4335540428758,1.6374719349438477e+07,2.0468399186798097e+06
Local,ovs,20160513_22-03,kvmBridgeOvsbr0,4096,1000,1.31454E+05,3.48935E+05,6.57533E+05,5.1737E+04,999.4330026683592,3.2749420631436795e+07,2.0468387894647997e+06
Local,ovs,20160513_22-03,kvmBridgeOvsbr0,8192,1000,1.91212E+05,3.42799E+05,8.22239E+05,4.7441E+04,999.4215028526609,6.549808761095198e+07,2.0468152378422495e+06
Local,ovs,20160513_22-03,kvmBridgeOvsbr0,16384,1000,1.71296E+05,3.22713E+05,8.00141E+05,6.2915E+04,999.4235055375714,1.3099643771782055e+08,2.0468193393409462e+06
Local,ovs,20160513_22-03,kvmBridgeOvsbr0,32768,1000,1.95657E+05,2.93724E+05,7.51856E+05,6.2376E+04,999.4544587776753,2.6200098964181492e+08,2.046882731576679e+06
Local,ovs,20160513_22-03,kvmBridgeOvsbr0,65536,1000,1.9639E+05,3.24325E+05,9.89319E+05,8.1709E+04,999.4636278494783,5.2400678651794726e+08,2.0469015098357315e+06
Local,ovs,20160513_22-03,kvmBridgeOvsbr0,131072,1000,2.3428E+05,3.07377E+05,1.108618E+06,9.2694E+04,999.4257909055189,1.0479738981245453e+09,2.0468240197745026e+06
Local,ovs,20160513_22-03,kvmBridgeOvsbr0,262144,1000,3.0338E+05,4.45979E+05,1.259105E+06,1.31556E+05,999.5487826889698,2.0962057287137384e+09,2.0470759069470102e+06
Local,ovs,20160513_22-03,lxcBridgeOvsbr0,16,1000,8.9639E+04,2.19872E+05,3.865E+05,4.4131E+04,999.5166437462508,127938.1303995201,2.0470100863923216e+06
Local,ovs,20160513_22-03,lxcBridgeOvsbr0,32,1000,1.1438E+05,2.63489E+05,8.109674E+06,4.47403E+05,999.6594929845211,255912.8302040374,2.0473026416322992e+06
Local,ovs,20160513_22-03,lxcBridgeOvsbr0,64,1000,1.07967E+05,2.64805E+05,7.730847E+06,4.17125E+05,999.6509348889988,511821.2786631674,2.0472851146526695e+06
Local,ovs,20160513_22-03,lxcBridgeOvsbr0,128,1000,7.9859E+04,1.87909E+05,4.54832E+05,3.7242E+04,999.6236526906222,1.0236146203551971e+06,2.0472292407103942e+06
Local,ovs,20160513_22-03,lxcBridgeOvsbr0,256,1000,8.7651E+04,1.92477E+05,3.50562E+05,2.6055E+04,999.6119656291222,2.0472053056084423e+06,2.0472053056084423e+06
Local,ovs,20160513_22-03,lxcBridgeOvsbr0,512,1000,1.2659E+05,2.51747E+05,3.552858E+06,1.41681E+05,999.6006115748464,4.094364105010571e+06,2.0471820525052855e+06
Local,ovs,20160513_22-03,lxcBridgeOvsbr0,1024,1000,1.30415E+05,2.30331E+05,5.94855E+05,5.4863E+04,999.6831694134347,8.189404523834857e+06,2.0473511309587143e+06
Local,ovs,20160513_22-03,lxcBridgeOvsbr0,2048,1000,1.03807E+05,2.59936E+05,1.188584E+06,4.6242E+04,999.6107066083649,1.637762181707145e+07,2.0472027271339314e+06
Local,ovs,20160513_22-03,lxcBridgeOvsbr0,4096,1000,1.20441E+05,2.51842E+05,1.991388E+06,9.4503E+04,999.6864533423413,3.275772570312184e+07,2.047357856445115e+06
Local,ovs,20160513_22-03,lxcBridgeOvsbr0,8192,1000,9.755E+04,2.35641E+05,8.547642E+06,4.78209E+05,999.6239214882578,6.551135331865446e+07,2.047229791207952e+06
Local,ovs,20160513_22-03,lxcBridgeOvsbr0,16384,1000,1.04994E+05,2.67436E+05,4.349716E+06,1.88582E+05,999.5929907240019,1.3101865248017637e+08,2.0471664450027558e+06
Local,ovs,20160513_22-03,lxcBridgeOvsbr0,32768,1000,1.5988E+05,3.02914E+05,8.192951E+06,4.29219E+05,994.5048930486067,2.6070349068333396e+08,2.0367460209635466e+06
Local,ovs,20160513_22-03,lxcBridgeOvsbr0,65536,1000,1.79916E+05,2.83407E+05,6.99148E+05,5.6952E+04,999.6511747215344,5.241051150924038e+08,2.0472856058297025e+06
Local,ovs,20160513_22-03,lxcBridgeOvsbr0,131072,1000,1.93656E+05,3.20509E+05,7.23838E+05,7.0739E+04,999.6351611559625,1.0481934387442745e+09,2.0472528100474111e+06
Local,ovs,20160513_22-03,lxcBridgeOvsbr0,262144,1000,2.25381E+05,3.45702E+05,8.294167E+06,3.50515E+05,993.6490740574783,2.0838331429577887e+09,2.0349933036697155e+06
Remote,ovs,20160513_22-12,kvmBridgeOvsbr0,16,1000,2.3704E+05,3.78323E+05,5.79096E+05,4.4604E+04,999.3836840795628,127921.11156218404,2.0467377849949447e+06
Remote,ovs,20160513_22-12,kvmBridgeOvsbr0,32,1000,2.30925E+05,3.73332E+05,6.011E+05,3.8186E+04,999.336786144528,255830.21725299917,2.0466417380239933e+06
Remote,ovs,20160513_22-12,kvmBridgeOvsbr0,64,1000,2.07359E+05,3.85083E+05,6.67984E+05,3.5394E+04,999.2788743974068,511630.78369147226,2.046523134765889e+06
Remote,ovs,20160513_22-12,kvmBridgeOvsbr0,128,1000,2.25661E+05,3.69259E+05,5.8665E+05,4.5489E+04,999.3373793572434,1.0233214764618173e+06,2.0466429529236346e+06
Remote,ovs,20160513_22-12,kvmBridgeOvsbr0,256,1000,2.79709E+05,3.66838E+05,6.03697E+05,3.5814E+04,999.4241997369572,2.0468207610612884e+06,2.0468207610612884e+06
Remote,ovs,20160513_22-12,kvmBridgeOvsbr0,512,1000,2.0662E+05,3.59953E+05,6.15663E+05,4.3432E+04,999.4314624188569,4.093671270067638e+06,2.046835635033819e+06
Remote,ovs,20160513_22-12,kvmBridgeOvsbr0,1024,1000,2.63012E+05,3.89965E+05,5.12632E+05,4.1443E+04,999.28782255818,8.18616584239661e+06,2.0465414605991526e+06
Remote,ovs,20160513_22-12,kvmBridgeOvsbr0,2048,1000,2.47132E+05,3.65307E+05,1.354683E+06,5.1933E+04,999.2024775497215,1.6370933392174637e+07,2.0463666740218296e+06
Remote,ovs,20160513_22-12,kvmBridgeOvsbr0,4096,1000,2.69685E+05,3.90597E+05,1.458082E+06,5.2488E+04,999.2178142934068,3.2742369338766355e+07,2.0463980836728972e+06
Remote,ovs,20160513_22-12,kvmBridgeOvsbr0,8192,1000,3.17784E+05,4.6299E+05,1.479909E+06,6.1522E+04,999.3390551370353,6.5492684317460746e+07,2.0466463849206483e+06
Remote,ovs,20160513_22-12,kvmBridgeOvsbr0,16384,1000,3.93592E+05,5.28607E+05,1.624944E+06,8.3458E+04,999.2823294209624,1.3097793348186438e+08,2.046530210654131e+06
Remote,ovs,20160513_22-12,kvmBridgeOvsbr0,32768,1000,4.33295E+05,5.84256E+05,1.726621E+06,1.17699E+05,999.3556404669179,2.6197508501455972e+08,2.0466803516762478e+06
Remote,ovs,20160513_22-12,kvmBridgeOvsbr0,65536,1000,6.9493E+05,8.30622E+05,1.917416E+06,1.12467E+05,999.4365466586538,5.239925881745723e+08,2.046846047556923e+06
Remote,ovs,20160513_22-12,kvmBridgeOvsbr0,131072,1000,1.624754E+06,2.1315571E+07,2.7950218E+07,5.446925E+06,896.8842540573388,9.404513035824281e+08,1.8368189523094299e+06
Remote,ovs,20160513_22-12,kvmBridgeOvsbr0,262144,1000,2.94179E+06,2.6193578E+07,3.1675018E+07,3.681114E+06,448.13710835853414,9.398116330683166e+08,917784.7979182779
Remote,ovs,20160513_22-12,lxcBridgeOvsbr0,16,1000,1.36723E+05,2.98743E+05,8.512099E+06,4.70502E+05,999.3570047089572,127917.69660274652,2.0466831456439444e+06
Remote,ovs,20160513_22-12,lxcBridgeOvsbr0,32,1000,1.53408E+05,3.25059E+05,8.033708E+06,4.33656E+05,999.4531312290917,255860.00159464747,2.0468800127571798e+06
Remote,ovs,20160513_22-12,lxcBridgeOvsbr0,64,1000,1.88241E+05,3.05816E+05,5.21421E+05,4.1064E+04,999.3854189421528,511685.33449838223,2.046741337993529e+06
Remote,ovs,20160513_22-12,lxcBridgeOvsbr0,128,1000,1.90081E+05,3.11796E+05,7.56045E+05,3.949E+04,999.3799227343803,1.0233650408800055e+06,2.046730081760011e+06
Remote,ovs,20160513_22-12,lxcBridgeOvsbr0,256,1000,1.57151E+05,2.7261E+05,5.09782E+05,2.8211E+04,999.6089230010543,2.0471990743061593e+06,2.0471990743061593e+06
Remote,ovs,20160513_22-12,lxcBridgeOvsbr0,512,1000,2.02829E+05,3.56508E+05,8.457205E+06,6.58753E+05,997.9748047388694,4.087704800210409e+06,2.0438524001052044e+06
Remote,ovs,20160513_22-12,lxcBridgeOvsbr0,1024,1000,1.82116E+05,3.03637E+05,4.70465E+05,3.0564E+04,999.3718388344697,8.186854103731976e+06,2.046713525932994e+06
Remote,ovs,20160513_22-12,lxcBridgeOvsbr0,2048,1000,1.89136E+05,2.8008E+05,1.157859E+06,3.9605E+04,999.4674527576798,1.6375274745981826e+07,2.0469093432477282e+06
Remote,ovs,20160513_22-12,lxcBridgeOvsbr0,4096,1000,2.2565E+05,3.10108E+05,1.140448E+06,4.1393E+04,999.2530014240145,3.274352235066211e+07,2.0464701469163818e+06
Remote,ovs,20160513_22-12,lxcBridgeOvsbr0,8192,1000,2.4561E+05,3.56999E+05,1.239436E+06,4.9794E+04,999.3827662128456,6.549554896652505e+07,2.0467359052039078e+06
Remote,ovs,20160513_22-12,lxcBridgeOvsbr0,16384,1000,3.29927E+05,4.72327E+05,1.380283E+06,7.5073E+04,999.3235938349824,1.3098334209113881e+08,2.046614720174044e+06
Remote,ovs,20160513_22-12,lxcBridgeOvsbr0,32768,1000,3.99208E+05,4.92086E+05,2.101537E+06,1.07534E+05,999.3689544699138,2.6197857520056108e+08,2.0467076187543834e+06
Remote,ovs,20160513_22-12,lxcBridgeOvsbr0,65536,1000,6.91274E+05,8.35698E+05,8.419499E+06,4.04518E+05,994.454398198179,5.2138050752252686e+08,2.0366426075098705e+06
Remote,ovs,20160513_22-12,lxcBridgeOvsbr0,131072,1000,1.841123E+06,2.2626802E+07,2.9060233E+07,5.823403E+06,894.9017000015358,9.383724449808104e+08,1.8327586816031453e+06
Remote,ovs,20160513_22-12,lxcBridgeOvsbr0,262144,1000,2.858768E+06,2.5783533E+07,3.1297128E+07,3.673615E+06,448.03028690474264,9.395876122428548e+08,917566.0275809129
Local,rtl8139,20160513_22-49,kvmRtl8139NetworkDefault,16,1000,2.31576E+05,3.82226E+05,6.13876E+05,4.1116E+04,999.4008422052837,127923.30780227631,2.046772924836421e+06
Local,rtl8139,20160513_22-49,kvmRtl8139NetworkDefault,32,1000,2.69249E+05,4.13575E+05,4.81692E+05,2.0599E+04,999.4446505843457,255857.8305495925,2.04686264439674e+06
Local,rtl8139,20160513_22-49,kvmRtl8139NetworkDefault,64,1000,2.50419E+05,4.10148E+05,6.39487E+05,4.1968E+04,999.3129553548732,511648.2331416951,2.0465929325667804e+06
Local,rtl8139,20160513_22-49,kvmRtl8139NetworkDefault,128,1000,2.53293E+05,4.1361E+05,5.04498E+05,3.729E+04,999.4475084156902,1.0234342486176668e+06,2.0468684972353335e+06
Local,rtl8139,20160513_22-49,kvmRtl8139NetworkDefault,256,1000,2.62888E+05,3.99668E+05,5.11901E+05,4.079E+04,999.4839864074975,2.0469432041625548e+06,2.0469432041625548e+06
Local,rtl8139,20160513_22-49,kvmRtl8139NetworkDefault,512,1000,2.42561E+05,3.72349E+05,5.95593E+05,5.0554E+04,999.4986275004787,4.093946378241961e+06,2.0469731891209804e+06
Local,rtl8139,20160513_22-49,kvmRtl8139NetworkDefault,1024,1000,2.78049E+05,4.31435E+05,5.70872E+05,3.2787E+04,999.4197468891537,8.187246566515947e+06,2.0468116416289867e+06
Local,rtl8139,20160513_22-49,kvmRtl8139NetworkDefault,2048,1000,3.34044E+05,4.99766E+05,2.601242E+06,9.7386E+04,999.5542058210832,1.6376696108172627e+07,2.0470870135215784e+06
Local,rtl8139,20160513_22-49,kvmRtl8139NetworkDefault,4096,1000,3.39964E+05,4.94176E+05,8.71239E+05,4.7686E+04,999.4630105126379,3.2750403928478118e+07,2.0469002455298824e+06
Local,rtl8139,20160513_22-49,kvmRtl8139NetworkDefault,8192,1000,4.05665E+05,4.95885E+05,8.93988E+05,4.1883E+04,999.3911209595555,6.5496096503205426e+07,2.0467530157251696e+06
Local,rtl8139,20160513_22-49,kvmRtl8139NetworkDefault,16384,1000,4.41488E+05,6.17501E+05,1.100549E+06,5.8097E+04,999.4984676609033,1.3100626315324992e+08,2.04697286176953e+06
Local,rtl8139,20160513_22-49,kvmRtl8139NetworkDefault,32768,1000,5.54576E+05,6.96671E+05,1.564219E+06,8.4767E+04,999.3318307486521,2.6196884343977466e+08,2.0466315893732395e+06
Local,rtl8139,20160513_22-49,kvmRtl8139NetworkDefault,65536,1000,7.51761E+05,1.002904E+06,7.067419E+06,5.17316E+05,999.4504261974442,5.2399986505020565e+08,2.0468744728523658e+06
Local,rtl8139,20160513_22-49,kvmRtl8139NetworkDefault,131072,1000,5.273626E+06,4.2015164E+07,7.0224808E+07,1.1205983E+07,800.7689784500055,8.39667132347193e+08,1.6399748678656113e+06
Local,rtl8139,20160513_22-49,kvmRtl8139NetworkDefault,262144,1000,7.412664E+06,1.8220217E+07,5.1470039E+07,7.586194E+06,393.6620363336195,8.255691268211228e+08,806219.8504112527
